Price,Close,High,Low,Open,Volume
Ticker,CAD,CAD,CAD,CAD,CAD
Date,,,,,
2004-05-26,0.7337,0.7377,0.7321,0.7368,6726
2004-05-27,0.7401,0.7416,0.7347,0.7352,10596
2004-05-28,0.7367,0.7395,0.7354,0.738,5070
2004-06-01,0.7349,0.7375,0.7325,0.7365,11507
2004-06-02,0.7383,0.7398,0.7372,0.7373,5284
2004-06-03,0.7384,0.7411,0.7371,0.7401,582
2004-06-04,0.7449,0.7461,0.7391,0.7391,2620
2004-06-07,0.7469,0.7484,0.7461,0.7464,5757
2004-06-08,0.7461,0.7506,0.7454,0.749,16844
2004-06-09,0.7403,0.7468,0.7391,0.7458,16733
2004-06-10,0.7394,0.7421,0.7386,0.7401,7193
2004-06-14,0.7323,0.7369,0.7311,0.7364,10680
2004-06-15,0.7345,0.7363,0.7294,0.7296,8517
2004-06-16,0.7312,0.7334,0.7298,0.732,6090
2004-06-17,0.7324,0.7336,0.7296,0.732,4133
2004-06-18,0.7381,0.7388,0.7328,0.7335,4311
2004-06-21,0.7372,0.7384,0.7356,0.7364,4097
2004-06-22,0.7411,0.7421,0.7395,0.7396,5373
2004-06-23,0.7393,0.7422,0.7379,0.7407,3605
2004-06-24,0.7482,0.7504,0.7469,0.7481,8417
2004-06-25,0.7457,0.7474,0.7449,0.7472,11747
2004-06-28,0.7484,0.7497,0.7461,0.7472,5849
2004-06-29,0.7484,0.7516,0.746,0.7491,9594
2004-06-30,0.755,0.7551,0.7483,0.7486,9735
2004-07-01,0.7562,0.7576,0.7541,0.757,7629
2004-07-02,0.7604,0.7608,0.7551,0.7551,6466
2004-07-06,0.7593,0.7625,0.7574,0.7625,6259
2004-07-07,0.7611,0.7635,0.76,0.7623,3632
2004-07-08,0.7647,0.7649,0.7604,0.7605,7605
2004-07-09,0.7626,0.7649,0.7607,0.7638,4709
2004-07-12,0.7631,0.7646,0.7615,0.7641,10007
2004-07-13,0.7643,0.7646,0.7564,0.762,8557
2004-07-14,0.7618,0.7646,0.7606,0.7621,4155
2004-07-15,0.7597,0.7612,0.7581,0.7605,2225
2004-07-16,0.7689,0.7706,0.7606,0.7614,10373
2004-07-19,0.769,0.7697,0.7671,0.7675,6827
2004-07-20,0.7664,0.7694,0.7639,0.7677,4598
2004-07-21,0.7602,0.764,0.7583,0.7631,6326
2004-07-22,0.764,0.7673,0.7603,0.7623,4055
2004-07-23,0.7618,0.7633,0.7606,0.7633,2241
2004-07-26,0.7563,0.7646,0.7542,0.7634,10737
2004-07-27,0.755,0.758,0.7521,0.7576,4212
2004-07-28,0.7578,0.7592,0.7522,0.7529,3155
2004-07-29,0.759,0.7606,0.7529,0.7543,4653
2004-07-30,0.7564,0.7636,0.7556,0.7606,6197
2004-08-02,0.7564,0.759,0.7552,0.7583,3258
2004-08-03,0.7647,0.765,0.7547,0.755,5047
2004-08-04,0.766,0.7671,0.7611,0.7611,4141
2004-08-05,0.7641,0.7654,0.7618,0.7643,1344
2004-08-06,0.7672,0.7701,0.7626,0.763,5995
2004-08-09,0.7647,0.7671,0.7636,0.7651,3166
2004-08-10,0.763,0.7669,0.7628,0.7643,5170
2004-08-11,0.7598,0.7624,0.7594,0.7621,5083
2004-08-12,0.7563,0.7621,0.7551,0.7603,9046
2004-08-13,0.7694,0.7699,0.7556,0.756,12253
2004-08-16,0.7706,0.7722,0.7689,0.7691,8783
2004-08-17,0.7711,0.7738,0.769,0.7711,5279
2004-08-18,0.771,0.7716,0.7679,0.7706,2910
2004-08-19,0.7763,0.7773,0.7721,0.7727,6456
2004-08-20,0.7763,0.7772,0.7743,0.7748,2551
2004-08-23,0.7699,0.7748,0.7694,0.7738,4029
2004-08-24,0.7706,0.7744,0.769,0.7721,5018
2004-08-25,0.7712,0.7734,0.7666,0.7686,5906
2004-08-26,0.7697,0.7707,0.7656,0.7698,6395
2004-08-27,0.7668,0.7708,0.7658,0.7707,4563
2004-08-30,0.7634,0.7668,0.7631,0.7653,6307
2004-08-31,0.7675,0.7687,0.7601,0.764,9900
2004-09-01,0.7712,0.7715,0.7664,0.7681,5967
2004-09-02,0.775,0.7758,0.7723,0.7723,3177
2004-09-03,0.7749,0.7768,0.7728,0.7761,2604
2004-09-07,0.7827,0.7835,0.7762,0.7775,22120
2004-09-08,0.781,0.7818,0.7782,0.7792,21550
2004-09-09,0.7825,0.7838,0.7802,0.7819,10532
2004-09-10,0.7812,0.7843,0.7787,0.7804,7503
2004-09-13,0.7748,0.7794,0.7741,0.7792,4969
2004-09-14,0.7791,0.7803,0.774,0.7741,5819
2004-09-15,0.7767,0.7768,0.7729,0.7759,5483
2004-09-16,0.7803,0.782,0.7774,0.7785,4632
2004-09-17,0.7764,0.7767,0.7718,0.7754,8147
2004-09-20,0.7782,0.7797,0.7734,0.7755,6390
2004-09-21,0.7821,0.7836,0.7796,0.7801,4775
2004-09-22,0.7844,0.7863,0.7822,0.7826,5087
2004-09-23,0.7869,0.7894,0.7856,0.7861,5988
2004-09-24,0.7902,0.792,0.7869,0.7873,4186
2004-09-27,0.7915,0.7926,0.7895,0.7895,4610
2004-09-28,0.7923,0.7934,0.789,0.7928,5290
2004-09-29,0.7923,0.7948,0.7914,0.7926,9991
2004-09-30,0.7988,0.8003,0.7925,0.7949,10448
2004-10-01,0.7981,0.7991,0.7966,0.7991,4190
2004-10-04,0.7921,0.7944,0.7898,0.7942,6426
2004-10-05,0.7991,0.7997,0.7936,0.794,4813
2004-10-06,0.7998,0.8014,0.7956,0.7978,3177
2004-10-07,0.7997,0.8025,0.7992,0.8021,3675
2004-10-08,0.8052,0.8062,0.8015,0.802,4627
2004-10-12,0.8017,0.8025,0.7997,0.8015,1641
2004-10-13,0.8014,0.8024,0.7939,0.7954,4563
2004-10-14,0.8032,0.8058,0.8023,0.8025,3680
2004-10-15,0.8045,0.8056,0.7983,0.7997,3413
2004-10-18,0.8021,0.8054,0.8013,0.8031,2464
2004-10-19,0.8014,0.8044,0.7983,0.8006,5585
2004-10-20,0.8091,0.8115,0.8068,0.8071,8736
2004-10-21,0.8106,0.8121,0.8077,0.8086,4390
2004-10-22,0.816,0.8173,0.8096,0.8105,2664
2004-10-25,0.8253,0.827,0.8211,0.8242,8726
2004-10-26,0.8222,0.8256,0.8205,0.8228,3129
2004-10-27,0.8214,0.828,0.82,0.8254,4266
2004-10-28,0.8231,0.8288,0.8205,0.8206,10739
2004-10-29,0.8263,0.828,0.8231,0.825,3824
2004-11-01,0.825,0.8258,0.8222,0.8252,3859
2004-11-02,0.8217,0.8238,0.8208,0.8235,2875
2004-11-03,0.8338,0.8347,0.8255,0.8258,6483
2004-11-04,0.8344,0.8373,0.8335,0.8367,2851
2004-11-05,0.8397,0.8422,0.8308,0.8356,6625
2004-11-08,0.8446,0.8467,0.8418,0.8427,4003
2004-11-09,0.8402,0.8456,0.8398,0.8447,5521
2004-11-10,0.8433,0.8443,0.8373,0.8442,2538
2004-11-12,0.8449,0.8459,0.8408,0.8455,2140
2004-11-15,0.8392,0.8436,0.8364,0.8431,4789
2004-11-16,0.8437,0.846,0.8416,0.8434,2216
2004-11-17,0.8436,0.8488,0.8433,0.8465,3808
2004-11-18,0.8363,0.8408,0.8335,0.8387,6780
2004-11-19,0.8444,0.8468,0.8372,0.8382,6792
2004-11-22,0.8498,0.8523,0.8452,0.8461,4550
2004-11-23,0.8492,0.8506,0.8473,0.8501,4492
2004-11-24,0.8548,0.8555,0.8523,0.8532,2836
2004-11-26,0.856,0.8573,0.853,0.8531,2740
2004-11-29,0.8504,0.854,0.8498,0.852,3232
2004-11-30,0.8497,0.8503,0.846,0.849,5376
2004-12-01,0.8513,0.8522,0.8463,0.8463,9059
2004-12-02,0.8451,0.8543,0.8438,0.8528,7522
2004-12-03,0.8443,0.8463,0.8388,0.8419,3607
2004-12-06,0.8387,0.8427,0.8371,0.8426,16598
2004-12-07,0.8347,0.8441,0.8318,0.8438,22531
2004-12-08,0.8273,0.8278,0.8166,0.8221,15642
2004-12-09,0.8247,0.827,0.8207,0.8236,10072
2004-12-10,0.8226,0.8246,0.8169,0.8195,3680
2004-12-13,0.8213,0.8228,0.8172,0.8228,4367
2004-12-14,0.8165,0.8201,0.8123,0.8198,5393
2004-12-15,0.8221,0.825,0.8178,0.8184,4107
2004-12-16,0.8163,0.8222,0.8134,0.8214,3840
2004-12-17,0.8216,0.8241,0.8148,0.8167,3550
2004-12-20,0.82,0.822,0.8183,0.8208,1854
2004-12-21,0.8194,0.8234,0.8185,0.8217,2374
2004-12-22,0.8132,0.819,0.8085,0.8187,5310
2004-12-23,0.8177,0.8185,0.8132,0.8148,3735
2004-12-27,0.8266,0.8307,0.82,0.82,4931
2004-12-28,0.8287,0.8304,0.8244,0.8289,2374
2004-12-29,0.8302,0.8315,0.8257,0.8275,2723
2004-12-30,0.8373,0.8392,0.8312,0.832,3613
2004-12-31,0.839,0.842,0.8363,0.8369,5278
2005-01-03,0.835,0.8367,0.8312,0.8358,7603
2005-01-04,0.8242,0.8321,0.8214,0.8292,9165
2005-01-05,0.8224,0.825,0.8187,0.819,3928
2005-01-06,0.816,0.8201,0.8133,0.8182,3282
2005-01-07,0.818,0.8244,0.8153,0.8199,5201
2005-01-10,0.8252,0.8276,0.8221,0.8237,2588
2005-01-11,0.8277,0.8305,0.827,0.8285,2732
2005-01-12,0.84,0.8438,0.828,0.8282,10856
2005-01-13,0.8386,0.8406,0.836,0.8381,3997
2005-01-14,0.8261,0.8345,0.8253,0.8327,6382
2005-01-18,0.8247,0.828,0.8233,0.8247,3492
2005-01-19,0.8212,0.8275,0.8188,0.8258,27683
2005-01-20,0.8169,0.8196,0.8153,0.8186,4813
2005-01-21,0.8253,0.8276,0.8197,0.8204,7398
2005-01-24,0.8235,0.8261,0.8218,0.8261,4376
2005-01-25,0.8153,0.8213,0.8125,0.8213,6301
2005-01-26,0.8171,0.8213,0.8145,0.8145,3997
2005-01-27,0.814,0.8173,0.8112,0.8147,2424
2005-01-28,0.8129,0.8146,0.8086,0.8129,2350
2005-01-31,0.8127,0.8158,0.8116,0.8131,2078
2005-02-01,0.8151,0.8165,0.8106,0.813,5490
2005-02-02,0.8148,0.8169,0.8121,0.8168,6895
2005-02-03,0.8122,0.8144,0.8092,0.8131,4619
2005-02-04,0.8076,0.8153,0.8064,0.8121,9765
2005-02-07,0.803,0.8054,0.8013,0.8053,4181
2005-02-08,0.8081,0.81,0.8024,0.8035,2701
2005-02-09,0.8069,0.8083,0.8053,0.8067,1012
2005-02-10,0.8127,0.8141,0.8032,0.8042,3813
2005-02-11,0.8149,0.8159,0.8109,0.8113,2465
2005-02-14,0.8168,0.8196,0.814,0.8192,3380
2005-02-15,0.8189,0.8208,0.8155,0.8178,4987
2005-02-16,0.8156,0.8193,0.8097,0.8182,8771
2005-02-17,0.8202,0.8223,0.8157,0.8165,3982
2005-02-18,0.8192,0.8208,0.8173,0.8191,1523
2005-02-22,0.8234,0.8238,0.8174,0.8218,3605
2005-02-23,0.8147,0.8191,0.8098,0.8183,3601
2005-02-24,0.8125,0.8142,0.8073,0.8097,4583
2005-02-25,0.8133,0.8145,0.8096,0.8116,5185
2005-02-28,0.8176,0.8214,0.8168,0.818,2551
2005-03-01,0.8126,0.8181,0.8098,0.8173,3675
2005-03-02,0.8136,0.8138,0.8105,0.8116,2663
2005-03-03,0.8114,0.8117,0.807,0.8111,3650
2005-03-04,0.819,0.8202,0.8102,0.8102,6722
2005-03-07,0.8198,0.8211,0.816,0.8176,4451
2005-03-08,0.8304,0.8305,0.8227,0.8228,14048
2005-03-09,0.8376,0.84,0.8315,0.8327,18975
2005-03-10,0.8374,0.8401,0.8354,0.839,5029
2005-03-11,0.8366,0.8382,0.8317,0.8361,6353
2005-03-14,0.8357,0.8369,0.8332,0.8344,2446
2005-03-15,0.8355,0.8413,0.8337,0.8374,4226
2005-03-16,0.8371,0.8397,0.836,0.8375,1458
2005-03-17,0.8378,0.8413,0.8331,0.8358,4961
2005-03-18,0.8373,0.8399,0.8343,0.8353,1374
2005-03-21,0.8329,0.8332,0.8301,0.8304,3602
2005-03-22,0.8341,0.841,0.8332,0.8367,5659
2005-03-23,0.8291,0.8312,0.8277,0.8299,4620
2005-03-24,0.828,0.83,0.8267,0.827,4195
2005-03-28,0.8247,0.827,0.8215,0.8269,3554
2005-03-29,0.8322,0.8342,0.8295,0.8317,3743
2005-03-30,0.8281,0.8323,0.8268,0.8304,3537
2005-03-31,0.8326,0.8339,0.8306,0.8311,2452
2005-04-01,0.8285,0.8352,0.8269,0.8319,4198
2005-04-04,0.8252,0.8277,0.8244,0.8276,2333
2005-04-05,0.8263,0.8271,0.8233,0.8235,4240
2005-04-06,0.825,0.8275,0.8225,0.825,6772
2005-04-07,0.824,0.8275,0.8233,0.827,5747
2005-04-08,0.8209,0.8238,0.8178,0.8203,6608
2005-04-11,0.816,0.8213,0.8149,0.8203,12086
2005-04-12,0.8149,0.8181,0.8112,0.8168,15374
2005-04-13,0.8141,0.8169,0.8134,0.8146,3639
2005-04-14,0.8117,0.8131,0.8088,0.8098,4597
2005-04-15,0.8083,0.8129,0.808,0.81,4644
2005-04-18,0.8075,0.8095,0.8063,0.8068,1510
2005-04-19,0.8116,0.8132,0.807,0.8077,4631
2005-04-20,0.8131,0.8151,0.8092,0.8135,6261
2005-04-21,0.8137,0.8156,0.8105,0.8112,1978
2005-04-22,0.8159,0.8182,0.814,0.815,22864
2005-04-25,0.8138,0.815,0.8116,0.8125,3501
2005-04-26,0.8097,0.8121,0.8067,0.8117,9859
2005-04-27,0.8066,0.8112,0.8053,0.8083,7237
2005-04-28,0.8047,0.8067,0.8037,0.8048,4346
2005-04-29,0.8005,0.8064,0.7984,0.8054,11780
2005-05-02,0.803,0.8041,0.7998,0.8004,5590
2005-05-03,0.8029,0.8042,0.8016,0.802,2325
2005-05-04,0.8086,0.8096,0.8047,0.8067,3619
2005-05-05,0.8096,0.8107,0.8073,0.8079,3321
2005-05-06,0.812,0.8136,0.8075,0.8126,3657
2005-05-09,0.8136,0.8146,0.8124,0.8141,3039
2005-05-10,0.8145,0.815,0.8134,0.8138,1344
2005-05-11,0.8075,0.8122,0.8061,0.8112,7917
2005-05-12,0.8056,0.8072,0.8045,0.8068,4501
2005-05-13,0.7968,0.8035,0.7965,0.8034,8488
2005-05-16,0.7936,0.7949,0.7912,0.7934,9629
2005-05-17,0.7959,0.7978,0.7916,0.7931,4821
2005-05-18,0.7992,0.7997,0.7957,0.7958,2277
2005-05-19,0.8002,0.8005,0.7966,0.798,984
2005-05-20,0.7959,0.8007,0.7947,0.7993,2982
2005-05-23,0.8011,0.8022,0.7978,0.7979,4664
2005-05-24,0.7991,0.8014,0.797,0.8,2272
2005-05-25,0.7974,0.8011,0.7957,0.7995,3490
2005-05-26,0.7946,0.7956,0.7936,0.7951,2913
2005-05-27,0.8032,0.8048,0.7967,0.7977,7656
2005-05-31,0.8033,0.8055,0.7981,0.7998,5570
2005-06-01,0.8078,0.8093,0.8025,0.8028,3722
2005-06-02,0.8078,0.8084,0.8061,0.8073,2065
2005-06-03,0.8085,0.8108,0.8049,0.8083,2553
2005-06-06,0.8089,0.8099,0.8079,0.8086,3911
2005-06-07,0.8088,0.8103,0.8049,0.8096,12754
2005-06-08,0.805,0.8102,0.8032,0.8086,14759
2005-06-09,0.801,0.8042,0.8005,0.803,6100
2005-06-10,0.8054,0.8086,0.8026,0.8034,5589
2005-06-13,0.8015,0.8021,0.7997,0.8012,2130
2005-06-14,0.804,0.8045,0.7999,0.8014,5423
2005-06-15,0.814,0.8149,0.8063,0.8068,15814
2005-06-16,0.8143,0.8155,0.8105,0.8145,4951
2005-06-17,0.8194,0.8195,0.8133,0.8137,6034
2005-06-20,0.8158,0.8184,0.8156,0.8178,5485
2005-06-21,0.8177,0.8193,0.8135,0.8135,3149
2005-06-22,0.8159,0.8168,0.8127,0.8167,2615
2005-06-23,0.8162,0.8189,0.8141,0.8144,7797
2005-06-24,0.8169,0.8199,0.8152,0.8199,6383
2005-06-27,0.8176,0.8201,0.8144,0.815,5131
2005-06-28,0.8178,0.8194,0.8146,0.8164,3041
2005-06-29,0.8193,0.8231,0.8151,0.8165,7460
2005-06-30,0.8202,0.8227,0.8166,0.8167,1840
2005-07-01,0.8111,0.8199,0.8095,0.8199,7257
2005-07-05,0.81,0.812,0.8077,0.8115,3184
2005-07-06,0.8134,0.8151,0.8097,0.81,1320
2005-07-07,0.8195,0.8205,0.8133,0.815,6173
2005-07-08,0.8252,0.8269,0.8192,0.8204,8755
2005-07-11,0.8282,0.8313,0.8277,0.8285,10749
2005-07-12,0.8358,0.8372,0.8307,0.8309,9691
2005-07-13,0.834,0.8368,0.8328,0.8363,16801
2005-07-14,0.8321,0.837,0.8304,0.8361,3475
2005-07-15,0.8243,0.8302,0.8237,0.8294,2390
2005-07-18,0.8272,0.8303,0.8255,0.8262,3552
2005-07-19,0.8257,0.8269,0.8223,0.8236,5552
2005-07-20,0.824,0.8283,0.8216,0.8275,4010
2005-07-21,0.8267,0.8307,0.8251,0.8302,3091
2005-07-22,0.8254,0.8294,0.8228,0.8271,3595
2005-07-25,0.8256,0.827,0.8238,0.8252,1668
2005-07-26,0.818,0.8221,0.8172,0.8211,3569
2005-07-27,0.8137,0.8167,0.8096,0.8123,9856
2005-07-28,0.8164,0.8184,0.8128,0.8149,2972
2005-07-29,0.822,0.8234,0.8174,0.8187,4175
2005-08-01,0.8313,0.8324,0.8257,0.8266,8263
2005-08-02,0.8273,0.8338,0.8261,0.8311,3422
2005-08-03,0.8275,0.832,0.8273,0.8314,864
2005-08-04,0.8286,0.8314,0.8259,0.8271,6853
2005-08-05,0.8272,0.8275,0.8216,0.8245,5416
2005-08-08,0.8288,0.8311,0.8279,0.8301,1426
2005-08-09,0.8286,0.8297,0.8268,0.8282,468
2005-08-10,0.8308,0.8317,0.8284,0.83,5685
2005-08-11,0.837,0.8383,0.8326,0.8333,5793
2005-08-12,0.8411,0.8434,0.8373,0.8392,6896
2005-08-15,0.8386,0.8416,0.837,0.8411,5050
2005-08-16,0.8385,0.8403,0.836,0.836,4351
2005-08-17,0.8294,0.8378,0.8291,0.8368,3643
2005-08-18,0.8247,0.8277,0.8229,0.8271,4786
2005-08-19,0.8292,0.8315,0.8248,0.8261,7040
2005-08-22,0.8355,0.8356,0.8319,0.8328,2821
2005-08-23,0.8397,0.8405,0.8357,0.8381,4413
2005-08-24,0.8441,0.8454,0.8392,0.84,5922
2005-08-25,0.8444,0.8465,0.8434,0.8438,1134
2005-08-26,0.8389,0.8439,0.8385,0.841,2960
2005-08-29,0.8375,0.8446,0.8373,0.8446,4779
2005-08-30,0.8431,0.8449,0.8354,0.8374,10379
2005-08-31,0.847,0.8493,0.8425,0.8428,4858
2005-09-01,0.8494,0.8513,0.8452,0.8466,9084
2005-09-02,0.8457,0.8494,0.8434,0.8484,2658
2005-09-06,0.8451,0.8479,0.8441,0.8442,4479
2005-09-07,0.8451,0.8487,0.8417,0.8445,17984
2005-09-08,0.8503,0.8511,0.8484,0.8499,6027
2005-09-09,0.8536,0.8568,0.8534,0.8535,6036
2005-09-12,0.8473,0.8496,0.8465,0.8481,9924
2005-09-13,0.8518,0.8534,0.848,0.848,13404
2005-09-14,0.8512,0.8524,0.8488,0.8522,16171
2005-09-15,0.8475,0.8495,0.8447,0.8485,8297
2005-09-16,0.8521,0.8527,0.8482,0.8494,11260
2005-09-19,0.8598,0.8618,0.8515,0.8518,11302
2005-09-20,0.8592,0.8618,0.8576,0.8611,4241
2005-09-21,0.8587,0.863,0.8569,0.8614,2590
2005-09-22,0.8586,0.8622,0.8577,0.8622,1334
2005-09-23,0.8583,0.86,0.8543,0.8568,4500
2005-09-26,0.8579,0.8593,0.8515,0.8526,9115
2005-09-27,0.8535,0.8562,0.8506,0.8555,10518
2005-09-28,0.8552,0.857,0.85,0.8535,4391
2005-09-29,0.8575,0.8595,0.853,0.856,5242
2005-09-30,0.8644,0.867,0.8596,0.8597,6294
2005-10-03,0.862,0.864,0.8605,0.8614,5027
2005-10-04,0.857,0.8605,0.8558,0.8604,4181
2005-10-05,0.8493,0.855,0.8487,0.8548,4576
2005-10-06,0.85,0.8517,0.8464,0.8488,4682
2005-10-07,0.8551,0.8565,0.8497,0.8513,6212
2005-10-11,0.853,0.8552,0.8499,0.8499,5593
2005-10-12,0.8581,0.8596,0.8561,0.8576,3985
2005-10-13,0.8478,0.8553,0.8475,0.855,8834
2005-10-14,0.8464,0.8498,0.8442,0.8478,8209
2005-10-17,0.8499,0.8529,0.8472,0.8484,7069
2005-10-18,0.851,0.8518,0.8452,0.8458,3284
2005-10-19,0.8543,0.8555,0.8513,0.8532,4298
2005-10-20,0.8533,0.8575,0.851,0.8538,3046
2005-10-21,0.846,0.8522,0.8452,0.8515,5571
2005-10-24,0.8456,0.8461,0.842,0.8428,2807
2005-10-25,0.8534,0.8542,0.8461,0.8462,4237
2005-10-26,0.8582,0.8592,0.8526,0.8529,3779
2005-10-27,0.8577,0.8624,0.8573,0.8598,5094
2005-10-28,0.8523,0.8582,0.851,0.8575,3285
2005-10-31,0.8489,0.8543,0.848,0.8524,4233
2005-11-01,0.854,0.8554,0.8472,0.8487,4114
2005-11-02,0.8516,0.8528,0.8487,0.85,2125
2005-11-03,0.849,0.8542,0.8482,0.8531,3057
2005-11-04,0.8476,0.8565,0.8457,0.8497,10458
2005-11-07,0.8455,0.846,0.8423,0.846,7145
2005-11-08,0.8465,0.8468,0.838,0.8394,9844
2005-11-09,0.8469,0.8487,0.8432,0.8444,2223
2005-11-10,0.8435,0.8503,0.8432,0.845,4821
2005-11-14,0.8411,0.8427,0.838,0.8397,5824
2005-11-15,0.841,0.8417,0.8377,0.8384,3881
2005-11-16,0.841,0.8434,0.838,0.8391,3136
2005-11-17,0.8455,0.8465,0.8418,0.8445,2151
2005-11-18,0.8424,0.8455,0.8408,0.8436,2820
2005-11-21,0.848,0.8493,0.843,0.8435,4249
2005-11-22,0.8546,0.8556,0.8469,0.8474,6505
2005-11-23,0.856,0.857,0.8548,0.8552,2750
2005-11-25,0.8587,0.8592,0.8572,0.8576,5174
2005-11-28,0.8597,0.8614,0.8561,0.8574,5787
2005-11-29,0.8585,0.8598,0.8563,0.8583,2521
2005-11-30,0.8606,0.8613,0.8577,0.859,4210
2005-12-01,0.8622,0.8628,0.8544,0.8585,8599
2005-12-02,0.8634,0.8642,0.8606,0.8616,4979
2005-12-05,0.8665,0.868,0.8649,0.868,3294
2005-12-06,0.8671,0.8688,0.8649,0.8688,7800
2005-12-07,0.8661,0.8671,0.8615,0.8619,6394
2005-12-08,0.865,0.8666,0.8624,0.8624,4509
2005-12-09,0.8662,0.8673,0.8642,0.8649,11417
2005-12-12,0.8707,0.8717,0.8695,0.8714,19233
2005-12-13,0.8717,0.8728,0.8694,0.8708,5929
2005-12-14,0.8706,0.8772,0.8692,0.8745,5650
2005-12-15,0.8658,0.8676,0.8633,0.8666,18009
2005-12-16,0.8655,0.8683,0.8649,0.8662,4902
2005-12-19,0.8582,0.8634,0.8581,0.8617,7647
2005-12-20,0.8544,0.8567,0.8526,0.8553,5646
2005-12-21,0.8582,0.8591,0.8531,0.8547,1863
2005-12-22,0.8604,0.8619,0.8566,0.8577,10604
2005-12-23,0.8595,0.8609,0.8564,0.858,3820
2005-12-27,0.8534,0.8587,0.853,0.8585,4405
2005-12-28,0.8593,0.8628,0.8558,0.8563,7530
2005-12-29,0.8603,0.862,0.8582,0.8589,2012
2005-12-30,0.8619,0.8623,0.8564,0.8606,9119
2006-01-03,0.8667,0.8691,0.8585,0.8615,6225
2006-01-04,0.8735,0.8748,0.8673,0.8692,8047
2006-01-05,0.8617,0.8702,0.8596,0.8691,7984
2006-01-06,0.8587,0.8611,0.8546,0.8562,6533
2006-01-09,0.858,0.8585,0.8526,0.8553,6033
2006-01-10,0.861,0.862,0.8564,0.8575,3332
2006-01-11,0.8645,0.8658,0.8608,0.8609,3383
2006-01-12,0.8618,0.8661,0.8593,0.8633,3677
2006-01-13,0.8633,0.8649,0.8604,0.8632,2860
2006-01-17,0.8604,0.8658,0.8592,0.8647,4346
2006-01-18,0.8553,0.8609,0.853,0.8609,7189
2006-01-19,0.8602,0.8616,0.8491,0.8494,7042
2006-01-20,0.8683,0.8691,0.8615,0.8617,8172
2006-01-23,0.8708,0.8729,0.8688,0.8707,5381
2006-01-24,0.8682,0.8712,0.8643,0.8708,5359
2006-01-25,0.8699,0.8724,0.8691,0.8696,2902
2006-01-26,0.8705,0.8718,0.8658,0.8667,2318
2006-01-27,0.8707,0.874,0.8695,0.8731,3880
2006-01-30,0.8734,0.8763,0.8723,0.8749,2437
2006-01-31,0.8794,0.8803,0.874,0.8748,5403
2006-02-01,0.8778,0.8794,0.8759,0.8782,2993
2006-02-02,0.875,0.8768,0.8732,0.8767,3834
2006-02-03,0.8744,0.8754,0.8702,0.8745,3393
2006-02-06,0.8734,0.8751,0.8723,0.8745,2904
2006-02-07,0.8679,0.8735,0.8677,0.8729,6376
2006-02-08,0.8695,0.8712,0.8665,0.8666,8348
2006-02-09,0.8732,0.8749,0.8705,0.8705,8324
2006-02-10,0.8671,0.8731,0.8657,0.8707,9521
2006-02-13,0.8669,0.8677,0.8649,0.866,1974
2006-02-14,0.8679,0.8692,0.8615,0.8631,5184
2006-02-15,0.8643,0.8692,0.8629,0.8671,5123
2006-02-16,0.8642,0.8648,0.8619,0.8638,4595
2006-02-17,0.8684,0.87,0.8644,0.8647,8126
2006-02-21,0.8719,0.8736,0.8716,0.8717,4650
2006-02-22,0.8706,0.8723,0.8699,0.871,3345
2006-02-23,0.8677,0.8717,0.8668,0.8717,5636
2006-02-24,0.8711,0.8717,0.8662,0.8685,5474
2006-02-27,0.8773,0.8776,0.872,0.8726,5728
2006-02-28,0.8804,0.8813,0.8774,0.8781,6646
2006-03-01,0.881,0.8825,0.8783,0.879,5546
2006-03-02,0.8842,0.8853,0.8811,0.8813,3294
2006-03-03,0.8806,0.8833,0.8798,0.8826,3984
2006-03-06,0.8768,0.88,0.8759,0.8782,11095
2006-03-07,0.8695,0.8751,0.8681,0.8735,10424
2006-03-08,0.8634,0.8679,0.8628,0.8669,14155
2006-03-09,0.86,0.8642,0.8598,0.864,15456
2006-03-10,0.8607,0.8619,0.858,0.8592,5708
2006-03-13,0.8638,0.8639,0.8589,0.8607,2264
2006-03-14,0.8638,0.866,0.861,0.8615,1756
2006-03-15,0.8648,0.8676,0.8643,0.8658,4847
2006-03-16,0.8671,0.8684,0.8623,0.8623,5797
2006-03-17,0.8625,0.8659,0.8604,0.865,4426
2006-03-20,0.8606,0.8612,0.8553,0.8563,6328
2006-03-21,0.8596,0.8606,0.8567,0.858,2912
2006-03-22,0.8571,0.8592,0.8527,0.8528,3291
2006-03-23,0.8574,0.858,0.854,0.8578,3454
2006-03-24,0.8554,0.8571,0.8545,0.8546,957
2006-03-27,0.8544,0.8554,0.8523,0.8525,2768
2006-03-28,0.8531,0.8572,0.8523,0.8562,6180
2006-03-29,0.8517,0.8536,0.8506,0.8527,2981
2006-03-30,0.8607,0.8612,0.8566,0.8569,4716
2006-03-31,0.8552,0.8591,0.8547,0.8589,7123
2006-04-03,0.8523,0.8542,0.8488,0.8497,6856
2006-04-04,0.859,0.8596,0.8528,0.8547,3897
2006-04-05,0.8599,0.8615,0.8589,0.8605,2215
2006-04-06,0.866,0.8673,0.8621,0.8646,3085
2006-04-07,0.8711,0.8733,0.8694,0.8703,8129
2006-04-10,0.8697,0.8723,0.8693,0.8712,3116
2006-04-11,0.8726,0.8734,0.8703,0.8719,3346
2006-04-12,0.8703,0.8731,0.8689,0.873,9313
2006-04-13,0.8663,0.8719,0.8656,0.8718,1966
2006-04-17,0.8717,0.8735,0.8706,0.8713,2360
2006-04-18,0.8753,0.8757,0.8711,0.8721,4734
2006-04-19,0.8792,0.8798,0.8746,0.8764,4686
2006-04-20,0.8764,0.8791,0.874,0.8785,2068
2006-04-21,0.8772,0.879,0.8764,0.8783,1141
2006-04-24,0.8788,0.8801,0.8758,0.878,3803
2006-04-25,0.8824,0.8828,0.8764,0.8779,4708
2006-04-26,0.8848,0.8873,0.8816,0.8823,4698
2006-04-27,0.8891,0.8903,0.8826,0.8829,2709
2006-04-28,0.892,0.8929,0.8869,0.8869,3979
2006-05-01,0.8972,0.8984,0.8921,0.8931,1931
2006-05-02,0.9019,0.9026,0.8994,0.9012,2620
2006-05-03,0.9012,0.9042,0.8995,0.9016,1490
2006-05-04,0.9019,0.9033,0.8981,0.899,3533
2006-05-05,0.9016,0.9032,0.9001,0.9005,3005
2006-05-08,0.8977,0.9014,0.8963,0.9007,2424
2006-05-09,0.9071,0.9093,0.8981,0.8982,4669
2006-05-10,0.9063,0.9081,0.9046,0.9073,4465
2006-05-11,0.9064,0.9094,0.9043,0.9047,3203
2006-05-12,0.8995,0.9078,0.8991,0.9067,2442
2006-05-15,0.896,0.8979,0.8929,0.8951,2401
2006-05-16,0.9009,0.9016,0.8963,0.8964,2893
2006-05-17,0.8968,0.9063,0.8957,0.9037,4608
2006-05-18,0.8896,0.8958,0.889,0.8953,6909
2006-05-19,0.89,0.8907,0.8848,0.8893,6639
2006-05-22,0.8948,0.8969,0.8854,0.8868,5988
2006-05-23,0.8931,0.8948,0.8896,0.8942,3531
2006-05-24,0.8911,0.8924,0.8861,0.8893,3305
2006-05-25,0.9018,0.9026,0.8938,0.8939,6325
2006-05-26,0.9006,0.9033,0.8973,0.9001,2117
2006-05-30,0.9083,0.909,0.9039,0.9056,3371
2006-05-31,0.9055,0.9113,0.9041,0.9104,6824
2006-06-01,0.9049,0.9068,0.8983,0.9008,8202
2006-06-02,0.9057,0.909,0.9023,0.9026,3781
2006-06-05,0.9036,0.9074,0.9031,0.9074,1929
2006-06-06,0.8962,0.8983,0.8923,0.8979,5542
2006-06-07,0.8963,0.8988,0.8933,0.894,3934
2006-06-08,0.8883,0.8923,0.8866,0.8921,8277
2006-06-09,0.9015,0.9024,0.8957,0.8975,5315
2006-06-12,0.9084,0.9096,0.9031,0.9039,14493
2006-06-13,0.8958,0.9036,0.8957,0.9011,11244
2006-06-14,0.8945,0.8987,0.8919,0.8948,14287
2006-06-15,0.8942,0.8965,0.8908,0.896,6585
2006-06-16,0.8876,0.8938,0.8859,0.8936,8774
2006-06-19,0.8907,0.8912,0.8855,0.8883,5358
2006-06-20,0.8916,0.8938,0.8897,0.8921,4944
2006-06-21,0.8984,0.9035,0.8949,0.8961,3571
2006-06-22,0.8911,0.8953,0.8895,0.8951,5793
2006-06-23,0.887,0.8885,0.8827,0.8874,3227
2006-06-26,0.8873,0.8915,0.8859,0.8902,1924
2006-06-27,0.8884,0.8898,0.8865,0.8875,1340
2006-06-28,0.888,0.8888,0.8841,0.8866,542
2006-06-29,0.8977,0.8978,0.8894,0.89,3845
2006-06-30,0.8918,0.8991,0.8912,0.8965,2808
2006-07-03,0.8986,0.899,0.8945,0.8967,4226
2006-07-05,0.8963,0.9008,0.8943,0.9008,3024
2006-07-06,0.8949,0.8988,0.8939,0.8948,4867
2006-07-07,0.8944,0.8986,0.8934,0.895,3256
2006-07-10,0.885,0.8871,0.8846,0.8859,4570
2006-07-11,0.8799,0.8867,0.8777,0.8842,8073
2006-07-12,0.8779,0.8798,0.8737,0.8771,4182
2006-07-13,0.8817,0.8827,0.878,0.8787,8592
2006-07-14,0.8837,0.8848,0.8811,0.8826,1341
2006-07-17,0.8773,0.8824,0.8759,0.88,4740
2006-07-18,0.8767,0.8812,0.8756,0.8774,4663
2006-07-19,0.8768,0.8803,0.873,0.8749,6049
2006-07-20,0.8802,0.8827,0.8773,0.8778,5508
2006-07-21,0.8751,0.8812,0.8737,0.8812,8573
2006-07-24,0.8726,0.8742,0.8689,0.8735,4114
2006-07-25,0.8718,0.8747,0.8709,0.8732,2035
2006-07-26,0.8761,0.877,0.8731,0.8747,1320
2006-07-27,0.876,0.8822,0.8741,0.8794,2228
2006-07-28,0.8795,0.8826,0.8765,0.8767,2125
2006-07-31,0.8796,0.8863,0.8794,0.8859,3255
2006-08-01,0.8808,0.8817,0.8752,0.8788,2265
2006-08-02,0.8839,0.8855,0.8817,0.883,2179
2006-08-03,0.8847,0.8866,0.8828,0.8859,4602
2006-08-04,0.8821,0.8847,0.8773,0.8777,9038
2006-08-07,0.8894,0.8907,0.8841,0.8841,4882
2006-08-08,0.8875,0.89,0.8862,0.89,6428
2006-08-09,0.8887,0.8901,0.8872,0.8891,1764
2006-08-10,0.8841,0.8897,0.8817,0.8897,7038
2006-08-11,0.8851,0.8908,0.8837,0.8864,9110
2006-08-14,0.883,0.8872,0.8826,0.8827,5492
2006-08-15,0.886,0.887,0.8792,0.8798,4455
2006-08-16,0.8905,0.8932,0.8867,0.8882,5040
2006-08-17,0.8873,0.8919,0.8857,0.8915,3989
2006-08-18,0.8836,0.8872,0.8824,0.886,3898
2006-08-21,0.8908,0.891,0.8872,0.8903,1365
2006-08-22,0.8913,0.8927,0.8902,0.8903,1818
2006-08-23,0.8943,0.9007,0.8941,0.8951,8691
2006-08-24,0.8961,0.8971,0.894,0.897,1916
2006-08-25,0.897,0.8995,0.8959,0.8989,6077
2006-08-28,0.8956,0.899,0.8943,0.898,4644
2006-08-29,0.8982,0.8988,0.8936,0.8974,6618
2006-08-30,0.8963,0.8992,0.8946,0.8986,7212
2006-08-31,0.9005,0.9011,0.8947,0.8985,2879
2006-09-01,0.8992,0.9017,0.8987,0.9004,2735
2006-09-05,0.895,0.8957,0.8927,0.8943,4262
2006-09-06,0.8995,0.9004,0.8937,0.8946,14712
2006-09-07,0.896,0.8998,0.8952,0.8998,12519
2006-09-08,0.8872,0.8933,0.8869,0.8933,7234
2006-09-11,0.8861,0.8881,0.8853,0.8866,11623
2006-09-12,0.8878,0.8909,0.8858,0.8881,5173
2006-09-13,0.8867,0.8896,0.8846,0.8848,13990
2006-09-14,0.8886,0.8939,0.888,0.8898,8610
2006-09-15,0.888,0.8896,0.8855,0.8863,2292
2006-09-18,0.8888,0.8903,0.8855,0.8861,5695
2006-09-19,0.8804,0.8883,0.8802,0.885,15801
2006-09-20,0.8808,0.8828,0.8799,0.8807,4390
2006-09-21,0.8886,0.8903,0.8842,0.8844,7077
2006-09-22,0.8891,0.8934,0.8884,0.8929,3807
2006-09-25,0.8898,0.8916,0.8892,0.8895,848
2006-09-26,0.8924,0.8924,0.8884,0.8919,3885
2006-09-27,0.8949,0.8961,0.8899,0.8919,8005
2006-09-28,0.8952,0.8959,0.8929,0.8941,1694
2006-09-29,0.8886,0.8919,0.8874,0.8898,4624
2006-10-02,0.8902,0.8909,0.8855,0.8856,5112
2006-10-03,0.8856,0.8883,0.8854,0.8883,1972
2006-10-04,0.8815,0.8817,0.8784,0.8807,7836
2006-10-05,0.8822,0.8822,0.8796,0.8814,1730
2006-10-06,0.8825,0.8854,0.8799,0.8828,3665
2006-10-10,0.8765,0.8805,0.8755,0.8796,3640
2006-10-11,0.8724,0.875,0.8719,0.8741,4280
2006-10-12,0.8741,0.8748,0.8717,0.8725,3596
2006-10-13,0.8727,0.8744,0.8716,0.8744,3965
2006-10-16,0.8726,0.8746,0.8715,0.8729,2616
2006-10-17,0.8698,0.8735,0.8694,0.8729,7752
2006-10-18,0.8736,0.8741,0.87,0.8709,5919
2006-10-19,0.8806,0.8814,0.8731,0.8739,9135
2006-10-20,0.8826,0.8861,0.8817,0.885,2958
2006-10-23,0.8799,0.8812,0.8794,0.8806,5012
2006-10-24,0.8822,0.8824,0.8772,0.8777,2827
2006-10-25,0.882,0.8831,0.8792,0.8801,2050
2006-10-26,0.8838,0.8851,0.8774,0.88,11068
2006-10-27,0.8869,0.8879,0.8826,0.8826,4761
2006-10-30,0.8809,0.8852,0.8809,0.8846,5014
2006-10-31,0.8846,0.8861,0.8791,0.8793,10248
2006-11-01,0.8755,0.8799,0.874,0.8746,5186
2006-11-02,0.8743,0.8749,0.8723,0.8749,729
2006-11-03,0.8786,0.8795,0.8766,0.8795,2395
2006-11-06,0.8786,0.8789,0.8738,0.8738,689
2006-11-07,0.8787,0.8814,0.8787,0.8794,4090
2006-11-08,0.878,0.8804,0.8759,0.8772,1407
2006-11-09,0.8788,0.8792,0.8751,0.8755,10642
2006-11-10,0.8767,0.8789,0.8757,0.8786,7334
2006-11-13,0.8712,0.8737,0.8699,0.8725,15726
2006-11-14,0.8716,0.8739,0.8696,0.8715,7028
2006-11-15,0.8701,0.8711,0.8676,0.8707,3402
2006-11-16,0.8684,0.8725,0.8682,0.8707,3901
2006-11-17,0.8649,0.8679,0.8642,0.8642,7761
2006-11-20,0.864,0.8674,0.8632,0.867,4115
2006-11-21,0.865,0.8665,0.8625,0.8648,1063
2006-11-22,0.8685,0.8713,0.8681,0.8703,5710
2006-11-24,0.874,0.8763,0.8737,0.8751,7367
2006-11-27,0.8757,0.8773,0.8746,0.8749,8299
2006-11-28,0.8768,0.8785,0.8757,0.8766,4570
2006-11-29,0.8713,0.8734,0.8704,0.8722,6291
2006-11-30,0.8684,0.8699,0.8664,0.8693,6267
2006-12-01,0.8657,0.8684,0.8641,0.8671,7696
2006-12-04,0.8685,0.8686,0.8636,0.8678,1959
2006-12-05,0.8687,0.8712,0.8667,0.8697,409
2006-12-06,0.8628,0.8674,0.8626,0.8667,2499
2006-12-07,0.8622,0.8638,0.8618,0.8625,4953
2006-12-08,0.8616,0.8654,0.8597,0.861,5279
2006-12-11,0.8629,0.864,0.8617,0.8622,4343
2006-12-12,0.8598,0.8608,0.8571,0.86,4306
2006-12-13,0.8566,0.8602,0.8566,0.8602,2783
2006-12-14,0.8563,0.8584,0.8553,0.8566,10066
2006-12-15,0.8554,0.858,0.8544,0.8561,2469
2006-12-18,0.8555,0.8589,0.855,0.8578,2440
2006-12-19,0.8587,0.8607,0.8554,0.856,965
2006-12-20,0.8626,0.8668,0.8613,0.8641,5379
2006-12-21,0.8577,0.8611,0.8565,0.8611,3426
2006-12-22,0.855,0.8581,0.8549,0.858,1457
2006-12-26,0.8526,0.8549,0.8514,0.8546,1667
2006-12-27,0.8529,0.8533,0.8509,0.8517,6784
2006-12-28,0.853,0.8547,0.8527,0.854,833
2006-12-29,0.8496,0.8536,0.8481,0.8536,8558
2007-01-02,0.8489,0.8512,0.8488,0.8497,1628
2007-01-03,0.8446,0.8472,0.8446,0.8468,7471
2007-01-04,0.8405,0.8434,0.8402,0.8431,2341
2007-01-05,0.8437,0.844,0.8397,0.8424,7837
2007-01-08,0.8419,0.8427,0.8397,0.842,1670
2007-01-09,0.8415,0.8424,0.8387,0.84,4554
2007-01-10,0.8415,0.8416,0.8391,0.8401,577
2007-01-11,0.841,0.8415,0.8381,0.84,3630
2007-01-12,0.8462,0.8467,0.841,0.8419,2248
2007-01-16,0.8408,0.8492,0.8402,0.8468,3516
2007-01-17,0.8435,0.8439,0.8409,0.8422,1961
2007-01-18,0.8435,0.8446,0.8401,0.8406,4380
2007-01-19,0.8446,0.8456,0.8426,0.8445,292
2007-01-22,0.8367,0.8424,0.8355,0.8413,2092
2007-01-23,0.8381,0.8392,0.8352,0.8373,6099
2007-01-24,0.839,0.8391,0.8355,0.8391,477
2007-01-25,0.8371,0.8406,0.8364,0.8398,701
2007-01-26,0.8377,0.8394,0.8354,0.836,458
2007-01-29,0.8364,0.8374,0.8347,0.8347,1578
2007-01-30,0.8377,0.8388,0.8356,0.8358,1794
2007-01-31,0.8412,0.8417,0.8348,0.8358,6819
2007-02-01,0.8392,0.8427,0.8378,0.8399,3579
2007-02-02,0.8338,0.8366,0.8325,0.8349,7499
2007-02-05,0.8367,0.8374,0.8335,0.8343,1856
2007-02-06,0.8359,0.8369,0.8347,0.836,3378
2007-02-07,0.834,0.8362,0.8339,0.8355,2678
2007-02-08,0.836,0.8362,0.8321,0.8334,4220
2007-02-09,0.8438,0.8442,0.8398,0.841,9286
2007-02-12,0.8407,0.8445,0.8404,0.8442,3666
2007-02-13,0.8475,0.8477,0.8438,0.8438,4860
2007-02-14,0.8486,0.8492,0.8463,0.8474,4669
2007-02-15,0.8506,0.8507,0.8474,0.8478,1770
2007-02-16,0.8494,0.8505,0.8485,0.8503,2593
2007-02-20,0.8441,0.8493,0.8434,0.8482,3514
2007-02-21,0.8517,0.8526,0.8463,0.8465,12317
2007-02-22,0.8517,0.8523,0.8502,0.8515,6945
2007-02-23,0.8526,0.8546,0.8526,0.8531,3303
2007-02-26,0.8519,0.8526,0.8514,0.8526,1770
2007-02-27,0.8473,0.8525,0.8468,0.8516,10246
2007-02-28,0.8447,0.847,0.8418,0.8468,3701
2007-03-01,0.8435,0.844,0.841,0.8429,1306
2007-03-02,0.8396,0.8422,0.8391,0.8414,2237
2007-03-05,0.8367,0.8382,0.8357,0.8366,2976
2007-03-06,0.8396,0.8421,0.8376,0.8388,9480
2007-03-07,0.8385,0.8402,0.8374,0.8402,6939
2007-03-08,0.8366,0.8394,0.8358,0.8389,7883
2007-03-09,0.8431,0.8443,0.8397,0.8397,2213
2007-03-12,0.8441,0.8459,0.843,0.8442,4332
2007-03-13,0.8422,0.8457,0.8411,0.845,9518
2007-03-14,0.8403,0.8426,0.8392,0.8414,2516
2007-03-15,0.8395,0.8416,0.8385,0.8413,7379
2007-03-16,0.8402,0.8436,0.84,0.8413,5930
2007-03-19,0.8387,0.8412,0.8384,0.8403,1237
2007-03-20,0.8514,0.8515,0.8452,0.8452,8684
2007-03-21,0.8561,0.8566,0.8507,0.8513,7355
2007-03-22,0.8536,0.855,0.8523,0.8539,6057
2007-03-23,0.8511,0.8539,0.8509,0.8539,1136
2007-03-26,0.8503,0.8521,0.8489,0.85,2882
2007-03-27,0.8533,0.855,0.8529,0.8548,7337
2007-03-28,0.8524,0.8543,0.8518,0.8518,4095
2007-03-29,0.8524,0.8538,0.8508,0.8516,3951
2007-03-30,0.8566,0.8592,0.8557,0.8561,1485
2007-04-02,0.8543,0.8565,0.8542,0.8544,1206
2007-04-03,0.8522,0.854,0.8513,0.8531,1218
2007-04-04,0.8525,0.8548,0.8519,0.8545,2226
2007-04-05,0.8584,0.8597,0.857,0.8572,2406
2007-04-06,0.8589,0.8593,0.8564,0.857,195
2007-04-09,0.8566,0.8585,0.8563,0.8585,4095
2007-04-10,0.8607,0.8619,0.8603,0.8606,2083
2007-04-11,0.865,0.8654,0.8627,0.8636,6100
2007-04-12,0.8705,0.8714,0.8673,0.8673,2674
2007-04-13,0.8689,0.8708,0.8667,0.8706,1402
2007-04-16,0.8732,0.8741,0.8715,0.872,1564
2007-04-17,0.8742,0.8751,0.8725,0.8728,5045
2007-04-18,0.8752,0.877,0.8714,0.8714,8426
2007-04-19,0.8752,0.878,0.875,0.878,4633
2007-04-20,0.8803,0.8808,0.8761,0.8762,5793
2007-04-23,0.8801,0.8805,0.8786,0.8799,13517
2007-04-24,0.8796,0.882,0.8786,0.8819,10456
2007-04-25,0.8857,0.8865,0.8813,0.8815,12148
2007-04-26,0.8812,0.8838,0.88,0.8818,1635
2007-04-27,0.8853,0.8871,0.8834,0.8845,8233
2007-04-30,0.8903,0.894,0.8852,0.8852,5652
2007-05-01,0.8895,0.894,0.8884,0.8913,3812
2007-05-02,0.8911,0.8925,0.8893,0.8898,7023
2007-05-03,0.8919,0.8933,0.891,0.8918,869
2007-05-04,0.892,0.8952,0.8916,0.8937,6964
2007-05-07,0.8961,0.8973,0.8946,0.8952,782
2007-05-08,0.894,0.8958,0.893,0.8958,591
2007-05-09,0.893,0.8939,0.8917,0.8925,17364
2007-05-10,0.8887,0.893,0.8869,0.8918,3648
2007-05-11,0.8873,0.8875,0.8841,0.8853,4747
2007-05-14,0.8916,0.8921,0.891,0.8914,2476
2007-05-15,0.8991,0.9004,0.8951,0.8953,4654
2007-05-16,0.8944,0.8978,0.8924,0.8978,2798
2007-05-17,0.8984,0.9002,0.896,0.8977,8613
2007-05-18,0.9058,0.9075,0.9011,0.9011,6976
2007-05-21,0.9102,0.9115,0.9079,0.9084,1703
2007-05-22,0.9094,0.9108,0.9083,0.9108,1146
2007-05-23,0.9118,0.9129,0.9103,0.9118,6198
2007-05-24,0.9109,0.9137,0.9098,0.9127,1868
2007-05-25,0.9138,0.9161,0.9114,0.9114,7266
2007-05-29,0.9198,0.9215,0.9123,0.9123,2295
2007-05-30,0.9195,0.9212,0.9177,0.9204,12577
2007-05-31,0.9231,0.9257,0.9218,0.9231,3711
2007-06-01,0.9297,0.9313,0.9245,0.9262,3090
2007-06-04,0.9326,0.9342,0.9322,0.9333,1166
2007-06-05,0.9297,0.9345,0.928,0.9345,872
2007-06-06,0.9323,0.9345,0.9308,0.931,10210
2007-06-07,0.9293,0.9337,0.9282,0.9318,2614
2007-06-08,0.9304,0.931,0.9252,0.9256,3884
2007-06-11,0.9305,0.9311,0.9289,0.9289,10338
2007-06-12,0.9271,0.9295,0.9269,0.9295,4753
2007-06-13,0.9244,0.9269,0.9185,0.9212,5821
2007-06-14,0.9235,0.9256,0.9232,0.9244,7845
2007-06-15,0.9235,0.9308,0.9229,0.928,2081
2007-06-18,0.9198,0.9216,0.9175,0.9199,3013
2007-06-19,0.9284,0.9292,0.9224,0.924,1448
2007-06-20,0.9256,0.9278,0.9232,0.9253,419
2007-06-21,0.9169,0.9243,0.9168,0.9241,7077
2007-06-22,0.9229,0.9249,0.9203,0.9203,3157
2007-06-25,0.9217,0.9229,0.9195,0.9195,2417
2007-06-26,0.9226,0.9243,0.9216,0.9225,3080
2007-06-27,0.9209,0.9223,0.9195,0.922,4510
2007-06-28,0.9304,0.9305,0.9278,0.9294,8321
2007-06-29,0.9281,0.9352,0.9253,0.9345,1960
2007-07-02,0.934,0.9367,0.9311,0.9315,1465
2007-07-03,0.9298,0.9342,0.9273,0.9328,3472
2007-07-05,0.9337,0.9345,0.9315,0.9319,2831
2007-07-06,0.9399,0.9428,0.937,0.9375,1790
2007-07-09,0.9408,0.9423,0.9393,0.9415,6713
2007-07-10,0.9383,0.9405,0.9352,0.9404,1333
2007-07-11,0.9345,0.9348,0.9304,0.9307,914
2007-07-12,0.9422,0.9433,0.9386,0.9386,2969
2007-07-13,0.9415,0.9438,0.9392,0.9427,296
2007-07-16,0.9456,0.9468,0.9411,0.9428,484
2007-07-17,0.9453,0.946,0.9438,0.9444,2440
2007-07-18,0.9437,0.9465,0.9415,0.9415,2094
2007-07-19,0.9454,0.9472,0.9445,0.9455,735
2007-07-20,0.941,0.947,0.9391,0.9447,1337
2007-07-23,0.9422,0.9455,0.9415,0.9433,1149
2007-07-24,0.9528,0.9536,0.9437,0.9437,2768
2007-07-25,0.9466,0.9495,0.9439,0.9493,1407
2007-07-26,0.9342,0.941,0.9338,0.9398,3088
2007-07-27,0.9288,0.9365,0.9284,0.9303,4403
2007-07-30,0.9222,0.9251,0.9207,0.9231,1027
2007-07-31,0.9256,0.9295,0.9228,0.9288,3931
2007-08-01,0.9305,0.9336,0.9253,0.9253,1069
2007-08-02,0.936,0.9379,0.9312,0.9314,1812
2007-08-03,0.9362,0.9385,0.9322,0.9322,140
2007-08-06,0.9363,0.9382,0.9338,0.936,745
2007-08-07,0.9346,0.9352,0.9323,0.9329,655
2007-08-08,0.9401,0.9421,0.9376,0.9376,1013
2007-08-09,0.9331,0.9347,0.9258,0.9343,3811
2007-08-10,0.9368,0.9373,0.9328,0.9347,1783
2007-08-13,0.9369,0.94,0.9355,0.936,609
2007-08-14,0.9226,0.9326,0.9219,0.9326,2635
2007-08-15,0.9141,0.918,0.9126,0.9143,2759
2007-08-16,0.9138,0.9227,0.913,0.9148,3268
2007-08-17,0.9263,0.933,0.9198,0.9198,882
2007-08-20,0.932,0.9335,0.9288,0.929,2832
2007-08-21,0.9257,0.932,0.9251,0.9303,1517
2007-08-22,0.9275,0.9308,0.926,0.9297,110
2007-08-23,0.9337,0.9391,0.9316,0.9389,3898
2007-08-24,0.9358,0.9381,0.9353,0.9356,195
2007-08-27,0.9355,0.9398,0.935,0.9387,1848
2007-08-28,0.927,0.9337,0.9262,0.9329,960
2007-08-29,0.9273,0.9308,0.9263,0.9282,1843
2007-08-30,0.9305,0.9341,0.9249,0.9273,2569
2007-08-31,0.9342,0.9375,0.9298,0.9344,1013
2007-09-04,0.9395,0.94,0.9332,0.935,1552
2007-09-05,0.9348,0.9378,0.9339,0.9341,3609
2007-09-06,0.9357,0.9374,0.9306,0.9324,5740
2007-09-07,0.9334,0.9394,0.9324,0.9372,1681
2007-09-10,0.9357,0.9361,0.9314,0.9332,3232
2007-09-11,0.9448,0.9461,0.9404,0.941,5488
2007-09-12,0.9506,0.9512,0.9452,0.9456,8776
2007-09-13,0.9544,0.9547,0.9492,0.9526,4767
2007-09-14,0.9566,0.9581,0.9535,0.9573,5151
2007-09-17,0.9582,0.9601,0.9552,0.959,3004
2007-09-18,0.9686,0.9688,0.9609,0.961,1673
2007-09-19,0.971,0.9718,0.9676,0.9712,2103
2007-09-20,0.9844,0.9859,0.9823,0.9834,3274
2007-09-21,0.9845,0.9891,0.9794,0.9826,2559
2007-09-24,0.9841,0.9852,0.9828,0.9848,2944
2007-09-25,0.984,0.9854,0.9827,0.9833,4585
2007-09-26,0.9798,0.9827,0.978,0.9795,3415
2007-09-27,0.984,0.9871,0.9809,0.9871,1560
2007-09-28,0.9916,0.9942,0.9879,0.9891,2790
2007-10-01,0.9944,0.9944,0.9912,0.9919,2221
2007-10-02,0.9874,0.9889,0.984,0.9877,1802
2007-10-03,0.988,0.9914,0.9868,0.9892,1621
2007-10-04,0.9884,0.9884,0.9848,0.9872,2495
2007-10-05,1.0038,1.0068,0.9971,0.9988,4748
2007-10-09,1.0022,1.0031,0.9964,0.9972,4992
2007-10-10,1.0039,1.005,1.0021,1.0047,564
2007-10-11,1.0094,1.0127,1.0075,1.0086,4972
2007-10-12,1.0121,1.0134,1.0064,1.0069,2406
2007-10-15,1.0081,1.0134,1.0074,1.013,1273
2007-10-16,1.0055,1.0109,1.0039,1.004,945
2007-10-17,1.0091,1.013,1.0081,1.0095,1065
2007-10-18,1.0117,1.0121,1.0077,1.0096,1248
2007-10-19,1.0212,1.0227,1.0192,1.0196,1208
2007-10-22,1.0037,1.0081,1.0024,1.0053,3210
2007-10-23,1.0192,1.0234,1.0159,1.0221,2438
2007-10-24,1.0151,1.0182,1.0119,1.0152,1598
2007-10-25,1.0195,1.0248,1.0169,1.0229,2274
2007-10-26,1.0239,1.025,1.0217,1.0244,1566
2007-10-29,1.0339,1.0356,1.0231,1.0277,1587
2007-10-30,1.0338,1.0342,1.0288,1.0301,941
2007-10-31,1.0415,1.0417,1.0324,1.0336,5234
2007-11-01,1.0402,1.0444,1.0354,1.0437,3164
2007-11-02,1.0538,1.0569,1.0511,1.0522,1935
2007-11-05,1.0564,1.0565,1.0539,1.0552,1795
2007-11-06,1.0681,1.069,1.0611,1.0629,3438
2007-11-07,1.0679,1.0853,1.0676,1.0851,7580
2007-11-08,1.0493,1.0659,1.049,1.0578,7190
2007-11-09,1.0492,1.0511,1.0449,1.0466,852
2007-11-13,1.0216,1.0319,1.02,1.0311,3881
2007-11-14,1.0221,1.0336,1.019,1.0316,6078
2007-11-15,0.9992,1.0134,0.9984,1.0099,2787
2007-11-16,1.0106,1.0144,1.0029,1.0076,1812
2007-11-19,1.002,1.0108,1.0004,1.009,4588
2007-11-20,1.0014,1.0046,0.9992,1.0017,1788
2007-11-21,0.9965,0.9989,0.9927,0.9962,936
2007-11-23,0.9988,0.9991,0.9947,0.9969,1065
2007-11-26,0.9974,0.9988,0.9963,0.9988,425
2007-11-27,0.9874,0.9934,0.9857,0.9926,3633
2007-11-28,1.0001,1.0002,0.9894,0.9902,1572
2007-11-29,0.9882,0.9934,0.9851,0.9906,1768
2007-11-30,0.984,0.9904,0.9827,0.9893,4571
2007-12-03,0.9848,0.9854,0.9813,0.9829,2253
2007-12-04,0.9701,0.9807,0.9699,0.9802,1962
2007-12-05,0.9687,0.9728,0.9669,0.9669,8343
2007-12-06,0.9749,0.977,0.9667,0.9668,1838
2007-12-07,0.9808,0.9822,0.9764,0.9804,2589
2007-12-10,0.9778,0.9799,0.9734,0.9792,1648
2007-12-11,0.9719,0.9784,0.9689,0.9748,1261
2007-12-12,0.9717,0.9792,0.9675,0.9724,5942
2007-12-13,0.9643,0.9714,0.9619,0.9694,2513
2007-12-14,0.9667,0.9722,0.9609,0.9621,4129
2007-12-17,0.9787,0.9821,0.9732,0.9749,2278
2007-12-18,0.9798,0.9807,0.9726,0.9777,1449
2007-12-19,0.9815,0.9828,0.9779,0.9784,874
2007-12-20,0.9859,0.9884,0.9843,0.9859,261
2007-12-21,0.9927,0.994,0.9868,0.9868,1446
2007-12-24,1.0011,1.0014,0.9934,0.9974,1755
2007-12-26,1.0048,1.0051,1.0024,1.0036,1276
2007-12-27,1.0048,1.0072,1.0034,1.0036,728
2007-12-28,1.0044,1.0099,1.0039,1.0062,1017
2007-12-31,0.9943,1.0054,0.994,1.0034,766
2008-01-02,0.9947,0.9979,0.9877,0.9966,2644
2008-01-03,0.9948,0.9976,0.9901,0.9924,713
2008-01-04,0.9832,0.9984,0.9814,0.9954,4511
2008-01-07,0.9786,0.9871,0.9779,0.9855,2670
2008-01-08,0.9829,0.988,0.9826,0.9828,1510
2008-01-09,0.9737,0.9787,0.9721,0.9787,1867
2008-01-10,0.9752,0.9781,0.9697,0.975,2594
2008-01-11,0.9645,0.9667,0.9627,0.964,2029
2008-01-14,0.9666,0.9693,0.9636,0.9654,2153
2008-01-15,0.9679,0.9694,0.9659,0.9684,2024
2008-01-16,0.9617,0.9687,0.9591,0.9618,3400
2008-01-17,0.9551,0.9629,0.9544,0.9623,890
2008-01-18,0.958,0.9631,0.9554,0.9611,1599
2008-01-22,0.9578,0.9633,0.9484,0.9529,2587
2008-01-23,0.9546,0.9614,0.9529,0.9552,2582
2008-01-24,0.9756,0.9764,0.9666,0.9679,3003
2008-01-25,0.9779,0.9809,0.9739,0.9752,3186
2008-01-28,0.979,0.9809,0.9749,0.9772,3453
2008-01-29,0.9827,0.989,0.9826,0.9848,1777
2008-01-30,0.9953,0.9958,0.9864,0.9892,996
2008-01-31,0.9795,0.9843,0.9747,0.9839,1336
2008-02-01,0.9899,0.9914,0.9799,0.9874,952
2008-02-04,0.9902,0.9905,0.9846,0.9846,4911
2008-02-05,0.9759,0.9855,0.9756,0.9855,1994
2008-02-06,0.9792,0.9824,0.9779,0.9787,393
2008-02-07,0.9723,0.9754,0.9709,0.9719,914
2008-02-08,0.9831,0.9888,0.9819,0.9819,1031
2008-02-11,0.9819,0.9844,0.9799,0.9839,1312
2008-02-12,0.9827,0.9899,0.9824,0.9846,3532
2008-02-13,0.9861,0.9864,0.9829,0.9851,882
2008-02-14,0.984,0.9899,0.9821,0.9886,1604
2008-02-15,0.9748,0.987,0.9744,0.9868,1508
2008-02-19,0.9671,0.9792,0.9668,0.9776,7478
2008-02-20,0.9717,0.9718,0.9649,0.967,1522
2008-02-21,0.973,0.9774,0.9709,0.9712,899
2008-02-22,0.9688,0.9739,0.9674,0.9737,991
2008-02-25,0.987,0.9881,0.98,0.98,2072
2008-02-26,1.0049,1.0064,0.9942,0.9948,10550
2008-02-27,1.0037,1.0072,1.0024,1.0049,6730
2008-02-28,1.0103,1.0134,1.0049,1.0073,1340
2008-02-29,1.0018,1.0084,1.0014,1.0058,5208
2008-03-03,0.992,1.0014,0.9909,1.0003,3577
2008-03-04,0.9886,0.9969,0.9866,0.9959,2326
2008-03-05,0.9981,0.9983,0.9934,0.9974,747
2008-03-06,0.9987,0.9999,0.9964,0.9996,3744
2008-03-07,0.9887,1.0021,0.9887,1.0021,1259
2008-03-10,0.982,0.9912,0.9814,0.9852,1370
2008-03-11,0.9867,0.9887,0.9827,0.9877,2043
2008-03-12,0.9897,0.9922,0.9863,0.9899,12216
2008-03-13,0.994,1.0002,0.9927,0.994,4793
2008-03-14,0.9938,0.9959,0.983,0.9849,1341
2008-03-17,0.9784,0.9867,0.9767,0.9866,5393
2008-03-18,0.9882,0.9897,0.9817,0.983,6908
2008-03-19,0.9693,0.9837,0.9682,0.9822,7500
2008-03-20,0.9519,0.9577,0.9512,0.9556,6531
2008-03-24,0.962,0.9647,0.9541,0.9541,2810
2008-03-25,0.964,0.9657,0.9592,0.9637,1606
2008-03-26,0.9611,0.9688,0.9597,0.9688,939
2008-03-27,0.964,0.9672,0.9593,0.9593,440
2008-03-28,0.9617,0.9642,0.9609,0.9628,1108
2008-03-31,0.9526,0.9562,0.9517,0.9537,1793
2008-04-01,0.9586,0.959,0.9485,0.956,2329
2008-04-02,0.9636,0.9642,0.961,0.9633,1050
2008-04-03,0.9767,0.9772,0.9662,0.9667,1116
2008-04-04,0.972,0.9782,0.9709,0.9757,2015
2008-04-07,0.968,0.9735,0.9672,0.9735,1351
2008-04-08,0.9679,0.9679,0.9652,0.9679,2900
2008-04-09,0.9616,0.9649,0.9592,0.9627,1138
2008-04-10,0.9634,0.9642,0.9587,0.9622,1176
2008-04-11,0.9582,0.9622,0.9572,0.9622,622
2008-04-14,0.9608,0.963,0.9579,0.9582,321
2008-04-15,0.9615,0.9637,0.9598,0.9598,194
2008-04-16,0.9794,0.9807,0.9702,0.9702,7393
2008-04-17,0.9687,0.9767,0.9672,0.9767,4927
2008-04-18,0.9756,0.9772,0.9667,0.9698,2029
2008-04-21,0.9743,0.9812,0.9735,0.9785,1894
2008-04-22,0.973,0.9792,0.966,0.9746,2478
2008-04-23,0.9642,0.9655,0.9602,0.9638,4146
2008-04-24,0.9672,0.9687,0.9612,0.9623,1023
2008-04-25,0.9655,0.9673,0.9639,0.9647,1085
2008-04-28,0.9694,0.97,0.9637,0.9667,749
2008-04-29,0.9693,0.9702,0.9657,0.9673,941
2008-04-30,0.9771,0.9772,0.9697,0.9718,10714
2008-05-01,0.9629,0.9707,0.9579,0.9707,7174
2008-05-02,0.9622,0.9651,0.9577,0.9651,19451
2008-05-05,0.9679,0.9687,0.9642,0.9666,2303
2008-05-06,0.9791,0.9812,0.9677,0.9686,13836
2008-05-07,0.9747,0.9797,0.9747,0.9796,4532
2008-05-08,0.9639,0.9707,0.9636,0.9675,14098
2008-05-09,0.9749,0.9762,0.9724,0.9724,4531
2008-05-12,0.9764,0.9782,0.9737,0.9768,1627
2008-05-13,0.9782,0.9826,0.9757,0.9765,3079
2008-05-14,0.9781,0.9842,0.9775,0.9839,1489
2008-05-15,0.9805,0.9819,0.9777,0.9802,4721
2008-05-16,0.9808,0.9867,0.9807,0.9845,1355
2008-05-19,0.9896,0.9915,0.9874,0.9874,1629
2008-05-20,0.9893,0.9925,0.9857,0.9917,1358
2008-05-21,0.9968,0.9987,0.9952,0.9974,3765
2008-05-22,0.9959,0.9977,0.9937,0.9977,3808
2008-05-23,0.9933,0.9979,0.9927,0.9951,1591
2008-05-27,0.987,0.9942,0.9864,0.9942,3149
2008-05-28,0.9915,0.9922,0.9863,0.9863,2185
2008-05-29,0.9928,0.9987,0.9926,0.9961,2217
2008-05-30,0.9868,0.9896,0.9832,0.9896,3752
2008-06-02,0.9798,0.9857,0.9792,0.9857,3554
2008-06-03,0.9724,0.9807,0.9717,0.9807,3922
2008-06-04,0.9654,0.9735,0.9654,0.9718,5758
2008-06-05,0.9632,0.9647,0.9601,0.9602,9921
2008-06-06,0.9613,0.9613,0.9613,0.9613,1527
2008-06-09,0.9593,0.9604,0.9593,0.9604,691
2008-06-10,0.959,0.9613,0.952,0.9527,3965
2008-06-11,0.9623,0.9654,0.9623,0.9646,9167
2008-06-12,0.9589,0.9595,0.9553,0.9564,3744
2008-06-13,0.953,0.9561,0.9529,0.9556,5936
2008-06-16,0.9581,0.9618,0.9537,0.9537,2616
2008-06-17,0.9641,0.9643,0.9605,0.9605,2604
2008-06-18,0.9632,0.9648,0.9615,0.9624,2310
2008-06-19,0.9668,0.9703,0.9667,0.9672,1214
2008-06-20,0.9623,0.9698,0.9623,0.9687,1078
2008-06-23,0.9664,0.9664,0.965,0.9654,1637
2008-06-24,0.9687,0.9698,0.9645,0.9647,689
2008-06-25,0.9721,0.9722,0.9668,0.9689,2993
2008-06-26,0.9698,0.9731,0.9698,0.9713,1874
2008-06-27,0.9709,0.9752,0.9694,0.975,2757
2008-06-30,0.9639,0.9713,0.9606,0.9696,3945
2008-07-01,0.9587,0.9646,0.9573,0.9646,2910
2008-07-02,0.9691,0.9714,0.9603,0.9603,6083
2008-07-03,0.9606,0.967,0.9603,0.967,2102
2008-07-07,0.964,0.9665,0.9588,0.96,3623
2008-07-08,0.9616,0.9641,0.9601,0.9641,466
2008-07-09,0.9705,0.9718,0.9691,0.9691,2780
2008-07-10,0.9729,0.9738,0.9707,0.9707,1041
2008-07-11,0.972,0.9743,0.966,0.966,2663
2008-07-14,0.9763,0.9763,0.9723,0.9723,2598
2008-07-15,0.9791,0.9828,0.9783,0.9827,3963
2008-07-16,0.9801,0.9802,0.9768,0.9802,3214
2008-07-17,0.975,0.9838,0.9743,0.9802,6904
2008-07-18,0.9753,0.9793,0.9753,0.9765,3262
2008-07-21,0.9805,0.9805,0.9781,0.9781,1512
2008-07-22,0.9734,0.9798,0.9703,0.9798,1584
2008-07-23,0.9714,0.9758,0.9706,0.9733,856
2008-07-24,0.9687,0.9733,0.9668,0.9718,3169
2008-07-25,0.9623,0.968,0.9619,0.968,8806
2008-07-28,0.9599,0.9621,0.9599,0.9605,3995
2008-07-29,0.9574,0.9577,0.9553,0.9572,3802
2008-07-30,0.9585,0.9603,0.9563,0.9588,1272
2008-07-31,0.9588,0.9593,0.9573,0.9586,2568
2008-08-01,0.9552,0.9587,0.9523,0.956,5509
2008-08-04,0.946,0.9531,0.946,0.9524,4006
2008-08-05,0.9407,0.9433,0.9388,0.9388,8062
2008-08-06,0.9363,0.939,0.9353,0.939,3101
2008-08-07,0.9326,0.9348,0.9313,0.9348,2259
2008-08-08,0.918,0.9215,0.9163,0.9198,4594
2008-08-11,0.9179,0.9198,0.9153,0.9193,3087
2008-08-12,0.9233,0.9233,0.9176,0.9176,684
2008-08-13,0.9233,0.9237,0.9168,0.9186,1141
2008-08-14,0.9225,0.9266,0.9203,0.9266,1999
2008-08-15,0.9257,0.9263,0.9206,0.9206,2746
2008-08-18,0.922,0.9276,0.922,0.9276,1577
2008-08-19,0.9228,0.9243,0.9198,0.9209,1955
2008-08-20,0.9232,0.9268,0.9219,0.9257,841
2008-08-21,0.9384,0.9395,0.9318,0.9318,3816
2008-08-22,0.9374,0.9381,0.9374,0.9374,1592
2008-08-25,0.9341,0.9391,0.9333,0.9391,2426
2008-08-26,0.9356,0.9423,0.9318,0.9318,5951
2008-08-27,0.9362,0.9406,0.9348,0.9385,2268
2008-08-28,0.9329,0.9393,0.9316,0.9318,873
2008-08-29,0.9225,0.9327,0.9225,0.9315,616
2008-09-02,0.9181,0.9191,0.9145,0.9189,3981
2008-09-03,0.9245,0.9273,0.9151,0.9153,6078
2008-09-04,0.9192,0.9263,0.9188,0.9255,1141
2008-09-05,0.9235,0.9256,0.9194,0.9194,57
2008-09-08,0.9206,0.9269,0.9176,0.9269,1217
2008-09-09,0.9201,0.925,0.9201,0.925,1755
2008-09-10,0.9186,0.9206,0.9151,0.9166,9035
2008-09-11,0.9109,0.9162,0.9086,0.9162,3544
2008-09-12,0.9265,0.9272,0.9176,0.9188,2877
2008-09-15,0.9194,0.9226,0.9156,0.9191,540
2008-09-16,0.9194,0.9194,0.9151,0.9174,1715
2008-09-17,0.9239,0.9261,0.9129,0.9209,1286
2008-09-18,0.9237,0.9291,0.9201,0.9291,2943
2008-09-19,0.9376,0.9447,0.9251,0.9251,1870
2008-09-22,0.9521,0.9521,0.9369,0.9369,4213
2008-09-23,0.9521,0.9561,0.9476,0.9539,2338
2008-09-24,0.9521,0.9551,0.9516,0.952,2125
2008-09-25,0.9538,0.9573,0.9516,0.9544,948
2008-09-26,0.955,0.9551,0.9506,0.9528,501
2008-09-29,0.9482,0.9527,0.9476,0.9482,669
2008-09-30,0.9278,0.9431,0.9261,0.9431,1133
2008-10-01,0.9285,0.9311,0.9281,0.9311,1937
2008-10-02,0.9126,0.9246,0.9116,0.9246,1991
2008-10-03,0.9119,0.9181,0.9086,0.9143,590
2008-10-06,0.8907,0.907,0.8876,0.907,1487
2008-10-07,0.8919,0.8981,0.8906,0.8932,2383
2008-10-08,0.8784,0.8941,0.8766,0.8878,324
2008-10-09,0.8619,0.8791,0.8566,0.8777,1227
2008-10-10,0.8294,0.8436,0.8211,0.8436,1620
2008-10-13,0.8507,0.8507,0.8507,0.8507,157
2008-10-14,0.8481,0.8648,0.8481,0.8648,1262
2008-10-15,0.8291,0.8459,0.8286,0.8459,548
2008-10-16,0.8276,0.8293,0.8211,0.8293,1866
2008-10-17,0.8309,0.8341,0.8261,0.827,626
2008-10-20,0.8247,0.8247,0.8247,0.8247,481
2008-10-21,0.8079,0.8079,0.8051,0.8079,867
2008-10-22,0.7844,0.7844,0.7844,0.7844,389
2008-10-23,0.7803,0.7831,0.7731,0.7731,675
2008-10-24,0.7709,0.7733,0.7691,0.7698,556
2008-10-27,0.7616,0.7666,0.7599,0.7622,1345
2008-10-28,0.7598,0.7617,0.7591,0.7611,560
2008-10-29,0.8005,0.8081,0.7765,0.7765,444
2008-10-30,0.8089,0.8179,0.8039,0.8179,854
2008-10-31,0.8176,0.8176,0.8176,0.8176,327
2008-11-03,0.8281,0.8281,0.8161,0.8192,660
2008-11-04,0.8523,0.8523,0.8523,0.8523,3535
2008-11-05,0.8445,0.8531,0.8431,0.8509,797
2008-11-06,0.8258,0.8258,0.8255,0.8255,1542
2008-11-07,0.826,0.8409,0.8221,0.8276,1507
2008-11-10,0.8221,0.8361,0.8221,0.8222,1717
2008-11-11,0.814,0.814,0.814,0.814,937
2008-11-12,0.7931,0.7931,0.7931,0.7931,699
2008-11-13,0.7986,0.7986,0.7876,0.7956,870
2008-11-14,0.8027,0.8027,0.8027,0.8027,1788
2008-11-17,0.8023,0.8051,0.7961,0.8028,924
2008-11-18,0.7928,0.7928,0.7928,0.7928,221
2008-11-19,0.7897,0.7897,0.7897,0.7897,776
2008-11-20,0.7633,0.7686,0.7623,0.7623,2383
2008-11-21,0.7615,0.7615,0.7609,0.7609,875
2008-11-24,0.7933,0.8001,0.7751,0.7751,2825
2008-11-25,0.7991,0.7991,0.7991,0.7991,3485
2008-11-26,0.7972,0.7972,0.7972,0.7972,228
2008-11-28,0.7912,0.7921,0.7884,0.7884,1155
2008-12-01,0.7925,0.7925,0.7925,0.7925,1648
2008-12-02,0.7869,0.7871,0.7869,0.7871,598
2008-12-03,0.7796,0.7797,0.7796,0.7797,1118
2008-12-04,0.7746,0.7746,0.7746,0.7746,554
2008-12-05,0.7557,0.7557,0.7557,0.7557,30
2008-12-08,0.7713,0.7713,0.7713,0.7713,627
2008-12-09,0.7653,0.7653,0.7653,0.7653,729
2008-12-10,0.7664,0.7664,0.7664,0.7664,1257
2008-12-11,0.7844,0.7948,0.7844,0.7948,2964
2008-12-12,0.7781,0.7783,0.7774,0.7783,2549
2008-12-15,0.7898,0.7898,0.7898,0.7898,1537
2008-12-16,0.7977,0.7996,0.7929,0.7929,893
2008-12-17,0.8074,0.8074,0.8074,0.8074,532
2008-12-18,0.8069,0.8071,0.8059,0.8059,419
2008-12-19,0.7909,0.7916,0.788,0.788,494
2008-12-22,0.7936,0.7947,0.7932,0.7947,241
2008-12-23,0.7967,0.7967,0.7966,0.7967,379
2008-12-24,0.8003,0.8003,0.8003,0.8003,353
2008-12-26,0.794,0.794,0.794,0.794,872
2008-12-29,0.7933,0.7933,0.7933,0.7933,593
2008-12-30,0.7903,0.7927,0.7903,0.7904,488
2008-12-31,0.7884,0.7884,0.7884,0.7884,424
2009-01-02,0.7971,0.7984,0.7905,0.7905,614
2009-01-05,0.8134,0.8134,0.8134,0.8134,1554
2009-01-06,0.8198,0.8198,0.8143,0.815,517
2009-01-07,0.8199,0.8199,0.8199,0.8199,742
2009-01-08,0.8163,0.8163,0.814,0.814,1163
2009-01-09,0.8154,0.8154,0.8154,0.8154,704
2009-01-12,0.7958,0.7958,0.7958,0.7958,257
2009-01-13,0.7882,0.7882,0.7882,0.7882,1113
2009-01-14,0.7794,0.7901,0.7794,0.7901,1662
2009-01-15,0.7704,0.7704,0.7658,0.7697,6081
2009-01-16,0.7724,0.7803,0.7724,0.7803,4471
2009-01-20,0.7654,0.7669,0.7654,0.7669,1005
2009-01-21,0.7637,0.7637,0.7588,0.7637,580
2009-01-22,0.771,0.771,0.771,0.771,200
2009-01-23,0.7816,0.7816,0.7789,0.7789,646
2009-01-26,0.7925,0.7949,0.7925,0.7949,337
2009-01-27,0.7888,0.7899,0.7871,0.7871,414
2009-01-28,0.7955,0.8048,0.7944,0.8007,767
2009-01-29,0.7913,0.7913,0.7913,0.7913,539
2009-01-30,0.7868,0.7868,0.7868,0.7868,295
2009-02-02,0.7769,0.7808,0.7769,0.7775,393
2009-02-03,0.7831,0.7849,0.7809,0.7809,259
2009-02-04,0.7851,0.7892,0.7787,0.7787,445
2009-02-05,0.7873,0.7873,0.7873,0.7873,301
2009-02-06,0.7888,0.7893,0.7746,0.7855,622
2009-02-09,0.794,0.7941,0.794,0.794,817
2009-02-10,0.7754,0.7908,0.7754,0.7908,827
2009-02-11,0.7754,0.7754,0.7714,0.7714,534
2009-02-12,0.7707,0.7707,0.7707,0.7707,288
2009-02-13,0.7781,0.7781,0.7781,0.7781,358
2009-02-17,0.7645,0.7645,0.7645,0.7645,2380
2009-02-18,0.7678,0.7678,0.7678,0.7678,410
2009-02-19,0.7698,0.7698,0.7698,0.7698,333
2009-02-20,0.7744,0.7744,0.7744,0.7744,739
2009-02-23,0.7721,0.7735,0.7721,0.7735,294
2009-02-24,0.7785,0.7785,0.7785,0.7785,3020
2009-02-25,0.7714,0.7714,0.7703,0.7703,369
2009-02-26,0.7741,0.7741,0.7741,0.7741,217
2009-02-27,0.7609,0.7609,0.7609,0.7609,2791
2009-03-02,0.7499,0.7499,0.7499,0.7499,664
2009-03-03,0.7499,0.7499,0.7444,0.7499,939
2009-03-04,0.7585,0.7585,0.7489,0.7489,433
2009-03-05,0.7483,0.7483,0.7483,0.7483,60
2009-03-06,0.7474,0.754,0.7474,0.7492,81
2009-03-09,0.743,0.743,0.743,0.743,1008
2009-03-10,0.7475,0.7531,0.7471,0.7529,411
2009-03-11,0.7471,0.7533,0.7465,0.7533,708
2009-03-12,0.751,0.751,0.7447,0.7471,5195
2009-03-13,0.7554,0.762,0.7515,0.7515,2477
2009-03-16,0.7576,0.7576,0.7576,0.7576,1083
2009-03-17,0.757,0.757,0.7547,0.7547,442
2009-03-18,0.77,0.77,0.7573,0.7573,1282
2009-03-19,0.7785,0.7886,0.778,0.7882,4138
2009-03-20,0.7773,0.7805,0.776,0.7805,85
2009-03-23,0.7856,0.7857,0.7798,0.7806,513
2009-03-24,0.7869,0.7869,0.7869,0.7869,181
2009-03-25,0.7815,0.7826,0.7815,0.7826,169
2009-03-26,0.7836,0.7836,0.7836,0.7836,25
2009-03-27,0.7791,0.7791,0.7791,0.7791,260
2009-03-30,0.7614,0.7614,0.7614,0.7614,774
2009-03-31,0.7641,0.7641,0.7641,0.7641,584
2009-04-01,0.7611,0.7611,0.7595,0.7599,423
2009-04-02,0.776,0.778,0.7729,0.7729,2002
2009-04-03,0.7825,0.7825,0.7764,0.7764,322
2009-04-06,0.7757,0.7757,0.7752,0.7752,224
2009-04-07,0.7774,0.7774,0.7732,0.7732,84
2009-04-08,0.7808,0.7808,0.7808,0.7808,31
2009-04-09,0.7849,0.7893,0.784,0.784,660
2009-04-13,0.7887,0.7887,0.788,0.7887,938
2009-04-14,0.7948,0.7948,0.7948,0.7948,3215
2009-04-15,0.8009,0.8026,0.8009,0.8009,1205
2009-04-16,0.7966,0.7966,0.7947,0.7947,2229
2009-04-17,0.7936,0.7936,0.7936,0.7936,300
2009-04-20,0.7782,0.7808,0.778,0.7808,878
2009-04-21,0.7784,0.781,0.766,0.7762,1250
2009-04-22,0.7794,0.7794,0.7794,0.7794,1170
2009-04-23,0.7865,0.7865,0.7865,0.7865,1516
2009-04-24,0.7979,0.7979,0.791,0.791,1396
2009-04-27,0.7901,0.7901,0.7901,0.7901,180
2009-04-28,0.7906,0.7906,0.7906,0.7906,75
2009-04-29,0.8033,0.804,0.7992,0.8019,635
2009-04-30,0.8084,0.8108,0.8065,0.8108,2294
2009-05-01,0.8151,0.8153,0.811,0.813,687
2009-05-04,0.8198,0.8198,0.8131,0.8131,1780
2009-05-05,0.8205,0.8253,0.82,0.8253,1115
2009-05-06,0.8273,0.8273,0.8273,0.8273,943
2009-05-07,0.8219,0.827,0.82,0.827,1078
2009-05-08,0.8387,0.8395,0.831,0.8336,647
2009-05-11,0.8314,0.8314,0.8314,0.8314,2553
2009-05-12,0.831,0.8342,0.829,0.8342,310
2009-05-13,0.8256,0.8256,0.8256,0.8256,521
2009-05-14,0.825,0.825,0.822,0.8235,1543
2009-05-15,0.818,0.8225,0.818,0.8225,930
2009-05-18,0.8295,0.83,0.827,0.827,311
2009-05-19,0.837,0.837,0.8353,0.8353,632
2009-05-20,0.849,0.849,0.8415,0.8417,952
2009-05-21,0.847,0.8494,0.8448,0.8448,210
2009-05-22,0.8614,0.8614,0.8614,0.8614,454
2009-05-26,0.8646,0.8646,0.8646,0.8646,567
2009-05-27,0.8672,0.87,0.8656,0.8656,27
2009-05-28,0.8642,0.8642,0.8642,0.8642,192
2009-05-29,0.8822,0.8822,0.8802,0.8802,591
2009-06-01,0.8904,0.8944,0.8904,0.8944,1672
2009-06-02,0.8952,0.8952,0.8952,0.8952,1051
2009-06-03,0.8731,0.8887,0.8731,0.8887,947
2009-06-04,0.88,0.88,0.8679,0.8679,304
2009-06-05,0.8702,0.8751,0.8702,0.8751,133
2009-06-08,0.8691,0.8691,0.8691,0.8691,358
2009-06-09,0.8805,0.8805,0.8794,0.8794,2841
2009-06-10,0.8767,0.8767,0.8767,0.8767,4963
2009-06-11,0.8857,0.8857,0.8814,0.8814,4568
2009-06-12,0.8688,0.8688,0.8688,0.8688,1559
2009-06-15,0.8567,0.861,0.8559,0.861,2251
2009-06-16,0.856,0.8649,0.856,0.8635,514
2009-06-17,0.8583,0.8583,0.8491,0.8508,715
2009-06-18,0.8574,0.8636,0.8559,0.8625,681
2009-06-19,0.8563,0.8603,0.8559,0.8559,27
2009-06-22,0.8428,0.8448,0.841,0.8448,1159
2009-06-23,0.8443,0.8444,0.8443,0.8443,526
2009-06-24,0.8434,0.8474,0.8434,0.8459,1556
2009-06-25,0.8379,0.8379,0.8379,0.8379,2791
2009-06-26,0.8425,0.8425,0.8425,0.8425,115
2009-06-29,0.8397,0.8397,0.8397,0.8397,459
2009-06-30,0.8354,0.8354,0.8354,0.8354,1504
2009-07-01,0.8444,0.8444,0.8444,0.8444,546
2009-07-02,0.8358,0.8358,0.8358,0.8358,219
2009-07-06,0.8344,0.8344,0.8325,0.8325,897
2009-07-07,0.8387,0.8387,0.8387,0.8387,409
2009-07-08,0.8321,0.8321,0.8321,0.8321,475
2009-07-09,0.8366,0.8366,0.8366,0.8366,71
2009-07-10,0.8326,0.8326,0.8326,0.8326,466
2009-07-13,0.8421,0.8421,0.8421,0.8421,754
2009-07-14,0.8549,0.8549,0.8486,0.8486,1594
2009-07-15,0.8711,0.8711,0.8711,0.8711,884
2009-07-16,0.8693,0.8693,0.8693,0.8693,670
2009-07-17,0.8696,0.8696,0.8696,0.8696,480
2009-07-20,0.878,0.878,0.878,0.878,803
2009-07-21,0.8788,0.8788,0.8788,0.8788,799
2009-07-22,0.8849,0.8849,0.8849,0.8849,466
2009-07-23,0.8959,0.8964,0.8885,0.8885,1295
2009-07-24,0.8973,0.8973,0.8973,0.8973,391
2009-07-27,0.9002,0.9002,0.9002,0.9002,300
2009-07-28,0.8983,0.9014,0.8913,0.9014,963
2009-07-29,0.891,0.8912,0.891,0.891,450
2009-07-30,0.898,0.898,0.898,0.898,327
2009-07-31,0.9013,0.9013,0.9013,0.9013,465
2009-08-03,0.9114,0.9114,0.9114,0.9114,2201
2009-08-04,0.9053,0.9119,0.9049,0.9119,742
2009-08-05,0.9097,0.9097,0.9097,0.9097,1772
2009-08-06,0.9016,0.9016,0.9016,0.9016,175
2009-08-07,0.8979,0.8979,0.8966,0.8966,405
2009-08-10,0.8921,0.8921,0.8921,0.8921,581
2009-08-11,0.8822,0.8836,0.8802,0.881,1898
2009-08-12,0.894,0.894,0.894,0.894,866
2009-08-13,0.8923,0.8923,0.8923,0.8923,312
2009-08-14,0.8903,0.8903,0.8903,0.8903,448
2009-08-17,0.8791,0.8791,0.8791,0.8791,1244
2009-08-18,0.8777,0.8777,0.8777,0.8777,765
2009-08-19,0.8866,0.8866,0.8866,0.8866,308
2009-08-20,0.893,0.893,0.893,0.893,951
2009-08-21,0.8986,0.8986,0.8986,0.8986,1174
2009-08-24,0.9029,0.9029,0.9029,0.9029,402
2009-08-25,0.8961,0.8961,0.8961,0.8961,1006
2009-08-26,0.8849,0.8849,0.8849,0.8849,1462
2009-08-27,0.8849,0.8849,0.8849,0.8849,1540
2009-08-28,0.8893,0.8893,0.8893,0.8893,477
2009-08-31,0.8869,0.8869,0.877,0.877,1180
2009-09-01,0.8795,0.8795,0.8795,0.8795,394
2009-09-02,0.8786,0.8809,0.8767,0.8787,1087
2009-09-03,0.8807,0.8811,0.8807,0.8807,6
2009-09-04,0.8957,0.8957,0.8957,0.8957,862
2009-09-08,0.8999,0.8999,0.8999,0.8999,862
2009-09-09,0.9002,0.9027,0.9002,0.9027,1497
2009-09-10,0.9016,0.9016,0.9016,0.9016,535
2009-09-11,0.9034,0.907,0.9026,0.9026,1671
2009-09-14,0.8966,0.8966,0.8923,0.8923,962
2009-09-15,0.9051,0.9051,0.897,0.897,831
2009-09-16,0.9121,0.9121,0.9105,0.9106,209
2009-09-17,0.914,0.9181,0.914,0.9181,2045
2009-09-18,0.9095,0.9095,0.9095,0.9095,312
2009-09-21,0.9027,0.9027,0.9027,0.9027,280
2009-09-22,0.9104,0.9104,0.9104,0.9104,97
2009-09-23,0.9098,0.9098,0.9098,0.9098,179
2009-09-24,0.8921,0.8941,0.8921,0.8941,4052
2009-09-25,0.8902,0.894,0.8878,0.8878,371
2009-09-28,0.8946,0.8946,0.8946,0.8946,139
2009-09-29,0.8973,0.8973,0.8973,0.8973,1176
2009-09-30,0.911,0.9112,0.9064,0.9064,1559
2009-10-01,0.897,0.897,0.897,0.897,607
2009-10-02,0.8921,0.8921,0.8921,0.8921,875
2009-10-05,0.908,0.908,0.906,0.906,945
2009-10-06,0.9182,0.9182,0.9182,0.9182,3585
2009-10-07,0.9149,0.9149,0.9149,0.9149,323
2009-10-08,0.9256,0.9256,0.9256,0.9256,410
2009-10-09,0.9326,0.9341,0.9309,0.9326,1738
2009-10-12,0.9413,0.9413,0.9413,0.9413,81
2009-10-13,0.9452,0.9452,0.9452,0.9452,419
2009-10-14,0.9474,0.9474,0.9474,0.9474,83
2009-10-15,0.9423,0.9423,0.9423,0.9423,421
2009-10-16,0.9381,0.9381,0.9381,0.9381,739
2009-10-19,0.9467,0.9467,0.9467,0.9467,83
2009-10-20,0.9269,0.9349,0.9269,0.9349,731
2009-10-21,0.9372,0.9373,0.9218,0.9218,459
2009-10-22,0.9285,0.929,0.9274,0.9274,349
2009-10-23,0.9258,0.9259,0.9258,0.9258,208
2009-10-26,0.9116,0.9184,0.9116,0.9184,598
2009-10-27,0.915,0.915,0.915,0.915,2190
2009-10-28,0.9064,0.9076,0.9064,0.9064,3160
2009-10-29,0.9126,0.9126,0.9126,0.9126,291
2009-10-30,0.9008,0.9082,0.9001,0.9082,548
2009-11-02,0.9015,0.9015,0.9015,0.9015,577
2009-11-03,0.9113,0.9116,0.9009,0.9009,619
2009-11-04,0.9177,0.9177,0.9177,0.9177,262
2009-11-05,0.9138,0.9138,0.9138,0.9138,134
2009-11-06,0.9031,0.9031,0.9031,0.9031,469
2009-11-09,0.9208,0.9208,0.9208,0.9208,358
2009-11-10,0.9277,0.9277,0.9277,0.9277,366
2009-11-11,0.9303,0.9303,0.9303,0.9303,419
2009-11-12,0.9226,0.9226,0.9226,0.9226,132
2009-11-13,0.9254,0.9254,0.9254,0.9254,138
2009-11-16,0.93,0.93,0.93,0.93,194
2009-11-17,0.9206,0.9206,0.9206,0.9206,160
2009-11-18,0.93,0.93,0.93,0.93,1275
2009-11-19,0.9135,0.9135,0.9135,0.9135,707
2009-11-20,0.908,0.908,0.908,0.908,1197
2009-11-23,0.9221,0.9221,0.9221,0.9221,1333
2009-11-24,0.9201,0.9201,0.9201,0.9201,1110
2009-11-25,0.9245,0.9245,0.9245,0.9245,1067
2009-11-27,0.9146,0.9146,0.9069,0.9069,1631
2009-11-30,0.9206,0.9206,0.9206,0.9206,295
2009-12-01,0.9326,0.9326,0.9326,0.9326,825
2009-12-02,0.9258,0.9258,0.9258,0.9258,268
2009-12-03,0.9225,0.9225,0.9225,0.9225,428
2009-12-04,0.9292,0.9292,0.9292,0.9292,571
2009-12-07,0.9292,0.9292,0.9292,0.9292,329
2009-12-08,0.9201,0.9201,0.9201,0.9201,1314
2009-12-09,0.9241,0.9241,0.9205,0.9205,3621
2009-12-10,0.9318,0.9318,0.9318,0.9318,6361
2009-12-11,0.9224,0.9224,0.9224,0.9224,3744
2009-12-14,0.9243,0.9258,0.9243,0.9258,918
2009-12-15,0.9217,0.9217,0.9217,0.9217,344
2009-12-16,0.924,0.9246,0.924,0.9246,508
2009-12-17,0.914,0.914,0.914,0.914,1075
2009-12-18,0.9178,0.9178,0.9178,0.9178,1470
2009-12-21,0.9219,0.9219,0.9219,0.9219,224
2009-12-22,0.9269,0.9269,0.9269,0.9269,365
2009-12-23,0.9339,0.9339,0.9339,0.9339,719
2009-12-24,0.9324,0.9324,0.9324,0.9324,186
2009-12-28,0.9378,0.9378,0.9378,0.9378,2368
2009-12-29,0.9405,0.9424,0.9405,0.9424,464
2009-12-30,0.9324,0.9326,0.9324,0.9326,744
2009-12-31,0.9354,0.9354,0.9324,0.9324,897
2010-01-04,0.9397,0.9426,0.9397,0.9426,1070
2010-01-05,0.9446,0.9446,0.9446,0.9446,62
2010-01-06,0.9476,0.9476,0.9476,0.9476,274
2010-01-07,0.9456,0.9456,0.9456,0.9456,3518
2010-01-08,0.9481,0.9481,0.9459,0.9459,1025
2010-01-11,0.9474,0.9474,0.9474,0.9474,326
2010-01-12,0.943,0.943,0.943,0.943,890
2010-01-13,0.9499,0.9499,0.9499,0.9499,454
2010-01-14,0.9566,0.9566,0.9499,0.9499,257
2010-01-15,0.9502,0.9502,0.9502,0.9502,852
2010-01-19,0.9493,0.9493,0.9493,0.9493,182
2010-01-20,0.9344,0.9344,0.9344,0.9344,2654
2010-01-21,0.9304,0.9304,0.9304,0.9304,2118
2010-01-22,0.924,0.924,0.924,0.924,3375
2010-01-25,0.9254,0.9254,0.9254,0.9254,1529
2010-01-26,0.9225,0.9225,0.9225,0.9225,450
2010-01-27,0.9199,0.9199,0.9199,0.9199,148
2010-01-28,0.9184,0.9184,0.9184,0.9184,502
2010-01-29,0.9146,0.9146,0.9146,0.9146,462
2010-02-01,0.9199,0.9201,0.9174,0.9174,601
2010-02-02,0.9225,0.9225,0.9218,0.9218,724
2010-02-03,0.9215,0.9215,0.9215,0.9215,1654
2010-02-04,0.9106,0.9106,0.9106,0.9106,4603
2010-02-05,0.9114,0.9114,0.9114,0.9114,1775
2010-02-08,0.9114,0.9114,0.9114,0.9114,674
2010-02-09,0.9151,0.9151,0.9151,0.9151,857
2010-02-10,0.9216,0.9216,0.9216,0.9216,1364
2010-02-11,0.9322,0.9322,0.9322,0.9322,2307
2010-02-12,0.9312,0.9312,0.9312,0.9312,2860
2010-02-16,0.9398,0.9398,0.9398,0.9398,1789
2010-02-17,0.9369,0.9369,0.9369,0.9369,755
2010-02-18,0.9411,0.9411,0.9411,0.9411,1989
2010-02-19,0.9407,0.9407,0.9407,0.9407,818
2010-02-22,0.9396,0.9396,0.9396,0.9396,380
2010-02-23,0.9271,0.9271,0.9271,0.9271,3938
2010-02-24,0.9271,0.9271,0.9271,0.9271,968
2010-02-25,0.9208,0.9208,0.9208,0.9208,1708
2010-02-26,0.9303,0.9303,0.9303,0.9303,957
2010-03-01,0.9399,0.9399,0.9399,0.9399,2637
2010-03-02,0.9477,0.9484,0.9477,0.9484,1337
2010-03-03,0.9494,0.9494,0.9494,0.9494,951
2010-03-04,0.9497,0.9497,0.9497,0.9497,315
2010-03-05,0.9533,0.9533,0.9533,0.9533,0
2010-03-08,0.9551,0.9551,0.9551,0.9551,1450
2010-03-09,0.9566,0.9566,0.9566,0.9566,3729
2010-03-10,0.9579,0.9579,0.9579,0.9579,2920
2010-03-11,0.9575,0.9575,0.9575,0.9575,3004
2010-03-12,0.9648,0.9648,0.9648,0.9648,1329
2010-03-15,0.9634,0.9634,0.9634,0.9634,840
2010-03-16,0.9676,0.9676,0.9676,0.9676,315
2010-03-17,0.9733,0.9741,0.9708,0.9708,599
2010-03-18,0.9679,0.9679,0.9679,0.9679,1039
2010-03-19,0.9665,0.9665,0.9665,0.9665,1432
2010-03-22,0.9625,0.9625,0.9625,0.9625,1335
2010-03-23,0.9647,0.9648,0.9641,0.9648,223
2010-03-24,0.9579,0.9579,0.9579,0.9579,1349
2010-03-25,0.9612,0.9631,0.9612,0.9612,856
2010-03-26,0.9543,0.9543,0.9543,0.9543,2274
2010-03-29,0.9604,0.9604,0.9604,0.9604,2067
2010-03-30,0.9632,0.9632,0.9632,0.9632,2299
2010-03-31,0.9672,0.9672,0.9672,0.9672,830
2010-04-01,0.9741,0.9741,0.9741,0.9741,964
2010-04-02,0.9717,0.9718,0.9717,0.9718,209
2010-04-05,0.9788,0.9788,0.9788,0.9788,152
2010-04-06,0.9829,0.9829,0.9829,0.9829,590
2010-04-07,0.9783,0.9783,0.9783,0.9783,2038
2010-04-08,0.9789,0.9789,0.9789,0.9789,385
2010-04-09,0.977,0.977,0.977,0.977,171
2010-04-12,0.9759,0.9759,0.9759,0.9759,1656
2010-04-13,0.9796,0.9796,0.9796,0.9796,57
2010-04-14,0.9826,0.9826,0.9826,0.9826,229
2010-04-15,0.9805,0.9829,0.9805,0.9829,306
2010-04-16,0.98,0.98,0.98,0.98,2158
2010-04-19,0.9672,0.9672,0.9672,0.9672,4759
2010-04-20,0.9833,0.9833,0.9803,0.9803,2640
2010-04-21,0.9826,0.9826,0.9826,0.9826,1245
2010-04-22,0.9829,0.9829,0.9829,0.9829,683
2010-04-23,0.982,0.982,0.982,0.982,1573
2010-04-26,0.9805,0.9805,0.9805,0.9805,576
2010-04-27,0.9679,0.9679,0.9679,0.9679,3282
2010-04-28,0.9708,0.9708,0.9691,0.9691,2162
2010-04-29,0.9771,0.9784,0.9771,0.9784,359
2010-04-30,0.9655,0.9655,0.9655,0.9655,1221
2010-05-03,0.9711,0.9711,0.9711,0.9711,496
2010-05-04,0.9598,0.9598,0.9598,0.9598,3132
2010-05-05,0.9516,0.9516,0.9516,0.9516,2194
2010-05-06,0.9386,0.9453,0.9386,0.9453,4532
2010-05-07,0.9412,0.9461,0.9346,0.9451,3061
2010-05-10,0.9581,0.9581,0.9581,0.9581,2041
2010-05-11,0.9636,0.9636,0.9636,0.9636,1743
2010-05-12,0.9627,0.966,0.9626,0.966,894
2010-05-13,0.965,0.965,0.965,0.965,979
2010-05-14,0.9496,0.9496,0.9486,0.9486,1815
2010-05-17,0.9474,0.9474,0.9474,0.9474,298
2010-05-18,0.9433,0.9433,0.9433,0.9433,264
2010-05-19,0.9365,0.9365,0.9365,0.9365,2812
2010-05-20,0.9211,0.9223,0.9196,0.9223,6793
2010-05-21,0.9231,0.9241,0.9171,0.9171,1560
2010-05-24,0.9276,0.9276,0.9276,0.9276,1318
2010-05-25,0.9061,0.9061,0.9061,0.9061,4534
2010-05-26,0.9214,0.9214,0.9214,0.9214,1616
2010-05-27,0.9341,0.9341,0.9341,0.9341,983
2010-05-28,0.9334,0.9334,0.9334,0.9334,405
2010-06-01,0.9375,0.9375,0.9375,0.9375,1113
2010-06-02,0.9436,0.9456,0.9421,0.9456,1045
2010-06-03,0.9421,0.9421,0.9421,0.9421,419
2010-06-04,0.9256,0.9256,0.9256,0.9256,0
2010-06-07,0.928,0.928,0.928,0.928,250
2010-06-08,0.933,0.933,0.933,0.933,354
2010-06-09,0.9448,0.9448,0.9448,0.9448,451
2010-06-10,0.9518,0.9518,0.9518,0.9518,1926
2010-06-11,0.9461,0.9461,0.9461,0.9461,355
2010-06-14,0.9527,0.9527,0.9527,0.9527,2406
2010-06-15,0.9565,0.9565,0.9565,0.9565,658
2010-06-16,0.9582,0.9582,0.953,0.9582,1093
2010-06-17,0.9523,0.9523,0.9522,0.9522,613
2010-06-18,0.9604,0.9604,0.9604,0.9604,1335
2010-06-21,0.9593,0.9593,0.9593,0.9593,2490
2010-06-22,0.9541,0.9631,0.9541,0.9619,801
2010-06-23,0.9448,0.9448,0.9448,0.9448,508
2010-06-24,0.9415,0.9415,0.9411,0.9411,483
2010-06-25,0.9476,0.9476,0.9476,0.9476,2085
2010-06-28,0.9487,0.9487,0.9487,0.9487,766
2010-06-29,0.9302,0.9302,0.9302,0.9302,2702
2010-06-30,0.9236,0.9278,0.9236,0.9275,1237
2010-07-01,0.9256,0.9269,0.9236,0.9236,3466
2010-07-02,0.9219,0.9219,0.9219,0.9219,465
2010-07-06,0.9294,0.9294,0.9294,0.9294,1910
2010-07-07,0.9355,0.9355,0.9355,0.9355,308
2010-07-08,0.9394,0.9394,0.9394,0.9394,614
2010-07-09,0.9502,0.9502,0.9502,0.9502,856
2010-07-12,0.9463,0.9463,0.9463,0.9463,1080
2010-07-13,0.9506,0.9506,0.9506,0.9506,769
2010-07-14,0.948,0.948,0.948,0.948,316
2010-07-15,0.9454,0.9454,0.9454,0.9454,387
2010-07-16,0.9307,0.9307,0.9307,0.9307,5338
2010-07-19,0.9306,0.9306,0.9306,0.9306,1284
2010-07-20,0.9283,0.9283,0.9276,0.9276,1588
2010-07-21,0.9347,0.9347,0.9347,0.9347,530
2010-07-22,0.9418,0.9418,0.9418,0.9418,1012
2010-07-23,0.9451,0.9451,0.9451,0.9451,1219
2010-07-26,0.9489,0.9489,0.9489,0.9489,662
2010-07-27,0.9469,0.9469,0.9469,0.9469,2413
2010-07-28,0.946,0.946,0.946,0.946,1287
2010-07-29,0.9492,0.9492,0.9492,0.9492,638
2010-07-30,0.9537,0.9537,0.9537,0.9537,246
2010-08-02,0.9587,0.9587,0.9587,0.9587,4553
2010-08-03,0.9584,0.9584,0.9584,0.9584,1180
2010-08-04,0.9611,0.9611,0.9611,0.9611,1521
2010-08-05,0.9707,0.9707,0.9707,0.9707,2859
2010-08-06,0.9533,0.9533,0.9533,0.9533,1548
2010-08-09,0.9562,0.9562,0.9562,0.9562,363
2010-08-10,0.9514,0.9514,0.9514,0.9514,1301
2010-08-11,0.9369,0.9369,0.9369,0.9369,2484
2010-08-12,0.9397,0.9397,0.9397,0.9397,3645
2010-08-13,0.9416,0.9416,0.9416,0.9416,832
2010-08-16,0.9392,0.9392,0.9392,0.9392,358
2010-08-17,0.9507,0.9507,0.9507,0.9507,556
2010-08-18,0.9556,0.9556,0.9506,0.9556,207
2010-08-19,0.9442,0.9442,0.9442,0.9442,1506
2010-08-20,0.9365,0.9365,0.9365,0.9365,1620
2010-08-23,0.9334,0.9334,0.9334,0.9334,1651
2010-08-24,0.9257,0.9257,0.9257,0.9257,4231
2010-08-25,0.9253,0.9253,0.9253,0.9253,4034
2010-08-26,0.9299,0.9299,0.9299,0.9299,487
2010-08-27,0.9288,0.9288,0.9245,0.9245,768
2010-08-30,0.9269,0.9269,0.9269,0.9269,927
2010-08-31,0.921,0.9218,0.921,0.9218,1295
2010-09-01,0.9327,0.9356,0.9266,0.9266,2072
2010-09-02,0.934,0.934,0.934,0.934,0
2010-09-03,0.9479,0.9479,0.9479,0.9479,374
2010-09-07,0.9404,0.9404,0.9404,0.9404,3987
2010-09-08,0.9402,0.9402,0.9402,0.9402,3993
2010-09-09,0.9535,0.9535,0.9535,0.9535,4762
2010-09-10,0.9514,0.9514,0.9514,0.9514,903
2010-09-13,0.9592,0.9592,0.9592,0.9592,686
2010-09-14,0.9614,0.9625,0.9612,0.9625,2770
2010-09-15,0.9591,0.9591,0.9591,0.9591,745
2010-09-16,0.9592,0.9592,0.9592,0.9592,1556
2010-09-17,0.9566,0.9566,0.9566,0.9566,205
2010-09-20,0.9576,0.9576,0.9557,0.9557,269
2010-09-21,0.9616,0.9616,0.9616,0.9616,4133
2010-09-22,0.9606,0.9628,0.9606,0.9628,1221
2010-09-23,0.952,0.952,0.952,0.952,679
2010-09-24,0.9585,0.9585,0.9585,0.9585,2211
2010-09-27,0.9636,0.9636,0.9636,0.9636,964
2010-09-28,0.9546,0.9546,0.9546,0.9546,1015
2010-09-29,0.9566,0.9608,0.9566,0.9608,905
2010-09-30,0.9589,0.9621,0.9561,0.9561,1101
2010-10-01,0.9674,0.9674,0.9674,0.9674,4601
2010-10-04,0.9639,0.9657,0.9637,0.9657,1730
2010-10-05,0.9691,0.9691,0.9691,0.9691,4368
2010-10-06,0.9764,0.9764,0.9764,0.9764,1559
2010-10-07,0.9679,0.9738,0.9676,0.9738,2408
2010-10-08,0.9731,0.9731,0.9731,0.9731,4607
2010-10-11,0.9733,0.9733,0.9733,0.9733,266
2010-10-12,0.9746,0.9746,0.972,0.972,102
2010-10-13,0.9825,0.9825,0.9825,0.9825,3210
2010-10-14,0.9801,0.9801,0.9801,0.9801,531
2010-10-15,0.9732,0.9732,0.9732,0.9732,1905
2010-10-18,0.9719,0.9719,0.9719,0.9719,1798
2010-10-19,0.9551,0.9616,0.9551,0.9616,9658
2010-10-20,0.9644,0.9644,0.9644,0.9644,7038
2010-10-21,0.9598,0.9598,0.9598,0.9598,460
2010-10-22,0.9599,0.9599,0.9599,0.9599,684
2010-10-25,0.9683,0.9698,0.9681,0.9698,1347
2010-10-26,0.9626,0.9626,0.9626,0.9626,340
2010-10-27,0.9576,0.9576,0.9576,0.9576,2474
2010-10-28,0.966,0.966,0.966,0.966,926
2010-10-29,0.968,0.968,0.968,0.968,343
2010-11-01,0.9696,0.9696,0.9696,0.9696,881
2010-11-02,0.9776,0.9776,0.9776,0.9776,582
2010-11-03,0.9808,0.9808,0.9808,0.9808,722
2010-11-04,0.9854,0.9854,0.9854,0.9854,5403
2010-11-05,0.9863,0.9863,0.9863,0.9863,5714
2010-11-08,0.9841,0.9841,0.9837,0.9841,1334
2010-11-09,0.9843,0.9843,0.9843,0.9843,331
2010-11-10,0.9873,0.9873,0.9873,0.9873,2112
2010-11-11,0.9802,0.9802,0.9802,0.9802,1844
2010-11-12,0.9771,0.9771,0.9771,0.9771,720
2010-11-15,0.9796,0.9796,0.9796,0.9796,530
2010-11-16,0.966,0.966,0.966,0.966,5564
2010-11-17,0.9646,0.9666,0.9646,0.9659,3687
2010-11-18,0.9661,0.9661,0.9661,0.9661,1940
2010-11-19,0.9693,0.9693,0.9693,0.9693,397
2010-11-22,0.9689,0.9689,0.9689,0.9689,4379
2010-11-23,0.9638,0.9638,0.9638,0.9638,3904
2010-11-24,0.9754,0.9754,0.9754,0.9754,1634
2010-11-26,0.9682,0.9682,0.9682,0.9682,2416
2010-11-29,0.9683,0.9683,0.9683,0.9683,164
2010-11-30,0.9622,0.9622,0.9622,0.9622,1820
2010-12-01,0.9718,0.9718,0.9718,0.9718,1882
2010-12-02,0.9838,0.9838,0.9838,0.9838,1767
2010-12-03,0.983,0.983,0.983,0.983,1304
2010-12-06,0.9832,0.9832,0.9832,0.9832,666
2010-12-07,0.9782,0.9782,0.9782,0.9782,693
2010-12-08,0.9773,0.9773,0.9773,0.9773,3732
2010-12-09,0.977,0.977,0.977,0.977,3237
2010-12-10,0.979,0.979,0.979,0.979,548
2010-12-13,0.9803,0.9803,0.9803,0.9803,1385
2010-12-14,0.9826,0.9826,0.9826,0.9826,694
2010-12-15,0.9839,0.9839,0.9839,0.9839,12892
2010-12-16,0.9822,0.9822,0.9822,0.9822,1569
2010-12-17,0.9774,0.9774,0.9774,0.9774,5083
2010-12-20,0.9704,0.9704,0.9704,0.9704,2084
2010-12-21,0.9696,0.9696,0.9696,0.9696,805
2010-12-22,0.9745,0.9745,0.9745,0.9745,1160
2010-12-23,0.9792,0.9792,0.9723,0.9723,935
2010-12-27,0.9809,0.9809,0.9809,0.9809,552
2010-12-28,0.9887,0.9887,0.9887,0.9887,7337
2010-12-29,0.9878,0.9878,0.9878,0.9878,3548
2010-12-30,0.9885,0.9885,0.9885,0.9885,363
2010-12-31,0.9941,0.9941,0.9941,0.9941,4326
2011-01-03,0.9964,0.9964,0.9964,0.9964,2603
2011-01-04,0.989,0.989,0.989,0.989,722
2011-01-05,0.9921,0.9921,0.9921,0.9921,121
2011-01-06,0.9921,0.9921,0.9921,0.9921,3930
2011-01-07,0.996,0.996,0.996,0.996,1493
2011-01-10,0.9949,0.9949,0.9949,0.9949,1993
2011-01-11,0.9978,0.9978,0.9978,0.9978,2585
2011-01-12,1.0007,1.0007,1.0007,1.0007,1161
2011-01-13,0.9993,0.9993,0.9993,0.9993,381
2011-01-14,0.9991,0.9991,0.9991,0.9991,1298
2011-01-18,0.9962,0.9962,0.9962,0.9962,306
2011-01-19,0.9974,0.9974,0.9974,0.9974,1082
2011-01-20,0.9914,0.9914,0.9914,0.9914,1688
2011-01-21,0.9939,0.9939,0.9939,0.9939,2362
2011-01-24,0.994,0.994,0.994,0.994,869
2011-01-25,0.9891,0.9891,0.9891,0.9891,2064
2011-01-26,0.9934,0.9934,0.9934,0.9934,1269
2011-01-27,0.9948,0.9948,0.9948,0.9948,191
2011-01-28,0.9886,0.9886,0.9886,0.9886,2758
2011-01-31,0.9875,0.9875,0.9875,0.9875,2005
2011-02-01,0.9916,0.9916,0.9916,0.9916,3612
2011-02-02,1.0007,1.0007,1.0007,1.0007,2297
2011-02-03,0.999,0.999,0.999,0.999,4621
2011-02-04,1.0012,1.0012,1.0012,1.0012,5408
2011-02-07,0.9989,0.9989,0.9989,0.9989,95
2011-02-08,0.9933,0.9947,0.9933,0.9947,1365
2011-02-09,0.9941,0.9941,0.9941,0.9941,585
2011-02-10,0.9934,0.9934,0.9934,0.9934,1503
2011-02-11,1.0018,1.0018,1.0018,1.0018,3137
2011-02-14,1.0002,1.0002,1.0002,1.0002,625
2011-02-15,1.0001,1.0001,1.0001,1.0001,353
2011-02-16,1.0039,1.0039,1.0039,1.0039,400
2011-02-17,1.0048,1.0048,1.0048,1.0048,649
2011-02-18,1.0042,1.0062,1.0042,1.0062,315
2011-02-22,0.9989,0.9989,0.9989,0.9989,2995
2011-02-23,0.9993,0.9993,0.9993,0.9993,5532
2011-02-24,1.0061,1.0061,1.0061,1.0061,4361
2011-02-25,1.0106,1.0106,1.0106,1.0106,737
2011-02-28,1.0123,1.0123,1.0123,1.0123,538
2011-03-01,1.0153,1.0153,1.0153,1.0153,1789
2011-03-02,1.0182,1.0182,1.0182,1.0182,1327
2011-03-03,1.0184,1.0184,1.0184,1.0184,2661
2011-03-04,1.0179,1.0179,1.0179,1.0179,139
2011-03-07,1.0175,1.0175,1.0175,1.0175,1639
2011-03-08,1.0192,1.0192,1.0192,1.0192,4214
2011-03-09,1.0221,1.0221,1.0221,1.0221,6188
2011-03-10,1.0153,1.0153,1.0153,1.0153,4247
2011-03-11,1.0145,1.0145,1.0145,1.0145,3228
2011-03-14,1.0158,1.0158,1.0158,1.0158,804
2011-03-15,1.0033,1.0033,1.0025,1.0028,6791
2011-03-16,0.9964,0.9964,0.9964,0.9964,4122
2011-03-17,1.0028,1.0028,1.0018,1.0028,2281
2011-03-18,1.0041,1.0041,1.0041,1.0041,2468
2011-03-21,1.012,1.013,1.012,1.013,1729
2011-03-22,1.0111,1.0111,1.0111,1.0111,208
2011-03-23,1.0088,1.0088,1.0088,1.0088,1473
2011-03-24,1.0138,1.0138,1.0138,1.0138,3064
2011-03-25,1.0092,1.0092,1.0092,1.0092,1927
2011-03-28,1.014,1.014,1.0138,1.0138,2784
2011-03-29,1.0155,1.0155,1.0155,1.0155,157
2011-03-30,1.02,1.02,1.02,1.02,1780
2011-03-31,1.0224,1.0224,1.0224,1.0224,1144
2011-04-01,1.0267,1.0267,1.0267,1.0267,4980
2011-04-04,1.0238,1.0275,1.0229,1.0275,713
2011-04-05,1.0284,1.0284,1.0284,1.0284,396
2011-04-06,1.0327,1.0327,1.0327,1.0327,831
2011-04-07,1.033,1.033,1.033,1.033,1389
2011-04-08,1.0346,1.0346,1.0346,1.0346,1821
2011-04-11,1.0356,1.0356,1.0356,1.0356,1732
2011-04-12,1.0307,1.0307,1.0307,1.0307,557
2011-04-13,1.0291,1.0291,1.0291,1.0291,17
2011-04-14,1.0314,1.0314,1.0314,1.0314,259
2011-04-15,1.0314,1.0314,1.0314,1.0314,662
2011-04-18,1.0228,1.0228,1.0228,1.0228,1836
2011-04-19,1.0355,1.0355,1.0355,1.0355,2477
2011-04-20,1.0382,1.0382,1.0382,1.0382,1222
2011-04-21,1.0409,1.0409,1.0409,1.0409,778
2011-04-25,1.0388,1.0426,1.0388,1.0426,857
2011-04-26,1.0414,1.0414,1.0414,1.0414,2249
2011-04-27,1.0409,1.0409,1.0409,1.0409,2588
2011-04-28,1.042,1.042,1.042,1.042,2472
2011-04-29,1.048,1.048,1.048,1.048,892
2011-05-02,1.0439,1.0439,1.0439,1.0439,2171
2011-05-03,1.0398,1.0445,1.0398,1.0399,1969
2011-05-04,1.0351,1.0351,1.0351,1.0351,4614
2011-05-05,1.0263,1.0272,1.0263,1.0272,13068
2011-05-06,1.028,1.028,1.028,1.028,5513
2011-05-09,1.0278,1.0278,1.0278,1.0278,1053
2011-05-10,1.0339,1.0339,1.0339,1.0339,2752
2011-05-11,1.0307,1.0307,1.0307,1.0307,2666
2011-05-12,1.0258,1.0258,1.0258,1.0258,4104
2011-05-13,1.0239,1.0239,1.0239,1.0239,10498
2011-05-16,1.0198,1.0198,1.0198,1.0198,1541
2011-05-17,1.0174,1.0174,1.0167,1.0167,1958
2011-05-18,1.0193,1.0193,1.0193,1.0193,1824
2011-05-19,1.023,1.023,1.023,1.023,2318
2011-05-20,1.02,1.02,1.02,1.02,721
2011-05-23,1.0151,1.0151,1.0151,1.0151,1134
2011-05-24,1.0146,1.0146,1.0146,1.0146,402
2011-05-25,1.0129,1.0129,1.0125,1.0125,251
2011-05-26,1.0134,1.0134,1.0134,1.0134,705
2011-05-27,1.0153,1.0153,1.0153,1.0153,379
2011-05-31,1.0236,1.0236,1.0236,1.0236,4957
2011-06-01,1.0218,1.0223,1.0218,1.0223,1934
2011-06-02,1.0161,1.0161,1.0161,1.0161,754
2011-06-03,1.0148,1.0148,1.0148,1.0148,937
2011-06-06,1.011,1.011,1.011,1.011,20
2011-06-07,1.0185,1.0185,1.0185,1.0185,221
2011-06-08,1.0126,1.0126,1.0126,1.0126,3319
2011-06-09,1.0187,1.0187,1.0187,1.0187,4429
2011-06-10,1.0209,1.0209,1.0209,1.0209,5059
2011-06-13,1.0155,1.0155,1.0155,1.0155,1062
2011-06-14,1.025,1.025,1.025,1.025,5009
2011-06-15,1.011,1.011,1.011,1.011,4268
2011-06-16,1.0054,1.0054,1.0025,1.0025,1584
2011-06-17,1.0119,1.0119,1.0119,1.0119,1875
2011-06-20,1.0129,1.0129,1.0129,1.0129,500
2011-06-21,1.0216,1.0216,1.0216,1.0216,4142
2011-06-22,1.0209,1.0209,1.0209,1.0209,893
2011-06-23,1.0127,1.0127,1.0127,1.0127,2765
2011-06-24,1.0039,1.0039,1.0039,1.0039,2360
2011-06-27,1.0053,1.0053,1.0053,1.0053,681
2011-06-28,1.01,1.01,1.01,1.01,653
2011-06-29,1.0223,1.0223,1.0223,1.0223,4704
2011-06-30,1.03,1.03,1.03,1.03,2111
2011-07-01,1.0353,1.0353,1.0353,1.0353,1510
2011-07-05,1.0312,1.0312,1.0312,1.0312,2135
2011-07-06,1.0277,1.0277,1.0277,1.0277,1058
2011-07-07,1.0349,1.0349,1.0349,1.0349,2614
2011-07-08,1.0325,1.0325,1.0325,1.0325,367
2011-07-11,1.0253,1.0253,1.0253,1.0253,968
2011-07-12,1.03,1.03,1.03,1.03,3118
2011-07-13,1.0355,1.0355,1.0355,1.0355,1225
2011-07-14,1.0341,1.0341,1.0341,1.0341,3475
2011-07-15,1.0387,1.0387,1.0387,1.0387,1826
2011-07-18,1.0347,1.0347,1.0347,1.0347,1014
2011-07-19,1.0449,1.0449,1.0449,1.0449,4747
2011-07-20,1.0482,1.0482,1.0482,1.0482,1252
2011-07-21,1.0518,1.0518,1.0518,1.0518,4245
2011-07-22,1.0465,1.0465,1.0465,1.0465,2310
2011-07-25,1.0507,1.0507,1.0507,1.0507,3669
2011-07-26,1.0533,1.0533,1.0533,1.0533,2437
2011-07-27,1.046,1.046,1.046,1.046,1073
2011-07-28,1.0451,1.0451,1.0451,1.0451,4015
2011-07-29,1.0398,1.0398,1.0398,1.0398,1189
2011-08-01,1.0386,1.0386,1.0386,1.0386,2508
2011-08-02,1.0347,1.0347,1.0337,1.0337,2660
2011-08-03,1.0364,1.0364,1.0364,1.0364,949
2011-08-04,1.0146,1.0146,1.0146,1.0146,5207
2011-08-05,1.014,1.014,1.014,1.014,4268
2011-08-08,1.0006,1.0006,1.0006,1.0006,3704
2011-08-09,0.9992,0.9992,0.9992,0.9992,4794
2011-08-10,1.0038,1.0038,1.0038,1.0038,12964
2011-08-11,0.9968,0.9968,0.9968,0.9968,3707
2011-08-12,1.0031,1.0031,1.0031,1.0031,7555
2011-08-15,1.0126,1.0126,1.0126,1.0126,3959
2011-08-16,1.0107,1.0107,1.0107,1.0107,1620
2011-08-17,1.0133,1.0133,1.0133,1.0133,394
2011-08-18,1.0033,1.0033,1.0033,1.0033,1851
2011-08-19,1.006,1.006,1.006,1.006,709
2011-08-22,1.0044,1.0044,1.0044,1.0044,287
2011-08-23,1.0048,1.0048,1.0048,1.0048,113
2011-08-24,1.0053,1.0053,1.0053,1.0053,374
2011-08-25,1.0058,1.0058,1.0058,1.0058,2107
2011-08-26,1.0088,1.0088,1.0088,1.0088,509
2011-08-29,1.0155,1.0155,1.0155,1.0155,706
2011-08-30,1.0159,1.0159,1.0159,1.0159,50
2011-08-31,1.015,1.015,1.015,1.015,660
2011-09-01,1.019,1.019,1.019,1.019,1564
2011-09-02,1.0096,1.0096,1.0096,1.0096,1419
2011-09-06,1.0039,1.0039,1.0039,1.0039,9913
2011-09-07,1.0083,1.0083,1.0083,1.0083,1216
2011-09-08,1.005,1.005,1.005,1.005,658
2011-09-09,0.9967,0.9967,0.9967,0.9967,178
2011-09-12,0.9969,0.9969,0.9969,0.9969,406
2011-09-13,1.0076,1.0076,1.0076,1.0076,5049
2011-09-14,1.0042,1.0042,1.0042,1.0042,1603
2011-09-15,1.0103,1.0103,1.0103,1.0103,1030
2011-09-16,1.0148,1.0148,1.0148,1.0148,3208
2011-09-19,1.0096,1.0096,1.0096,1.0096,3133
2011-09-20,1.0029,1.0029,1.0029,1.0029,2865
2011-09-21,0.9966,0.9966,0.9966,0.9966,3175
2011-09-22,0.9617,0.9617,0.9617,0.9617,2170
2011-09-23,0.9629,0.9629,0.9629,0.9629,3377
2011-09-26,0.9625,0.9625,0.9625,0.9625,2062
2011-09-27,0.9774,0.9774,0.9774,0.9774,3601
2011-09-28,0.9662,0.9662,0.9662,0.9662,2014
2011-09-29,0.958,0.9638,0.958,0.9638,3235
2011-09-30,0.9521,0.9521,0.9521,0.9521,6817
2011-10-03,0.947,0.947,0.947,0.947,9377
2011-10-04,0.9414,0.9414,0.9414,0.9414,9731
2011-10-05,0.9445,0.9445,0.9445,0.9445,13128
2011-10-06,0.9533,0.9533,0.9533,0.9533,9286
2011-10-07,0.9597,0.9625,0.9597,0.9597,14061
2011-10-10,0.9683,0.9683,0.9683,0.9683,4014
2011-10-11,0.9653,0.9653,0.9653,0.9653,5511
2011-10-12,0.9796,0.9796,0.9796,0.9796,2582
2011-10-13,0.9734,0.9734,0.9734,0.9734,2410
2011-10-14,0.9802,0.9802,0.9802,0.9802,2753
2011-10-17,0.9819,0.9819,0.9819,0.9819,766
2011-10-18,0.97,0.97,0.97,0.97,1254
2011-10-19,0.9756,0.9756,0.9756,0.9756,1350
2011-10-20,0.9808,0.9808,0.9808,0.9808,994
2011-10-21,0.9853,0.9853,0.9853,0.9853,1891
2011-10-24,0.9897,0.9897,0.9897,0.9897,2191
2011-10-25,0.9808,0.9808,0.9808,0.9808,1924
2011-10-26,0.9884,0.9895,0.982,0.982,1041
2011-10-27,1.0041,1.0041,1.0041,1.0041,1084
2011-10-28,1.0013,1.0013,1.0013,1.0013,854
2011-10-31,0.9986,0.9986,0.9986,0.9986,183
2011-11-01,0.9788,0.9788,0.9788,0.9788,1572
2011-11-02,0.9818,0.9818,0.9818,0.9818,585
2011-11-03,0.9871,0.9871,0.9871,0.9871,317
2011-11-04,0.9781,0.9781,0.975,0.9767,1321
2011-11-07,0.9772,0.9772,0.9772,0.9772,862
2011-11-08,0.9855,0.9855,0.9855,0.9855,692
2011-11-09,0.9749,0.9749,0.9749,0.9749,982
2011-11-10,0.9763,0.9763,0.9763,0.9763,559
2011-11-11,0.9829,0.9829,0.9829,0.9829,702
2011-11-14,0.9778,0.9778,0.9778,0.9778,364
2011-11-15,0.975,0.975,0.972,0.9746,998
2011-11-16,0.976,0.976,0.976,0.976,536
2011-11-17,0.9679,0.9679,0.9679,0.9679,252
2011-11-18,0.9693,0.9693,0.9693,0.9693,599
2011-11-21,0.9585,0.9605,0.9581,0.9605,1813
2011-11-22,0.9571,0.9571,0.9571,0.9571,3760
2011-11-23,0.9548,0.9548,0.9548,0.9548,4932
2011-11-25,0.9483,0.9483,0.9483,0.9483,3463
2011-11-28,0.9603,0.9603,0.9603,0.9603,758
2011-11-29,0.967,0.967,0.967,0.967,10079
2011-11-30,0.9761,0.9761,0.9761,0.9761,2342
2011-12-01,0.9812,0.9812,0.9812,0.9812,4557
2011-12-02,0.978,0.978,0.978,0.978,5388
2011-12-05,0.9789,0.9789,0.9789,0.9789,1503
2011-12-06,0.9869,0.9869,0.9869,0.9869,4056
2011-12-07,0.985,0.985,0.985,0.985,4930
2011-12-08,0.9757,0.9757,0.9757,0.9757,2359
2011-12-09,0.9778,0.9778,0.9778,0.9778,4299
2011-12-12,0.9701,0.9701,0.9701,0.9701,5634
2011-12-13,0.9671,0.9671,0.9671,0.9671,8313
2011-12-14,0.9596,0.9596,0.9596,0.9596,10181
2011-12-15,0.9615,0.9615,0.9615,0.9615,1852
2011-12-16,0.9592,0.9592,0.9592,0.9592,6276
2011-12-19,0.9614,0.9618,0.9614,0.9614,1019
2011-12-20,0.9661,0.9685,0.9632,0.9632,1461
2011-12-21,0.9691,0.9691,0.9691,0.9691,1495
2011-12-22,0.9753,0.9753,0.9753,0.9753,397
2011-12-23,0.9784,0.9784,0.9784,0.9784,116
2011-12-27,0.9785,0.9785,0.9785,0.9785,1053
2011-12-28,0.973,0.973,0.973,0.973,4446
2011-12-29,0.9752,0.9752,0.9752,0.9752,1516
2011-12-30,0.9801,0.9801,0.9801,0.9801,1448
2012-01-03,0.986,0.986,0.9843,0.9843,1972
2012-01-04,0.9835,0.9835,0.9835,0.9835,4434
2012-01-05,0.9774,0.9774,0.9774,0.9774,882
2012-01-06,0.9713,0.9713,0.9713,0.9713,1087
2012-01-09,0.9725,0.9725,0.9698,0.9698,480
2012-01-10,0.981,0.981,0.981,0.981,1667
2012-01-11,0.9772,0.9772,0.9772,0.9772,58
2012-01-12,0.9781,0.9781,0.9781,0.9781,2028
2012-01-13,0.9735,0.9735,0.9735,0.9735,588
2012-01-17,0.985,0.985,0.985,0.985,850
2012-01-18,0.9844,0.9844,0.9844,0.9844,141
2012-01-19,0.9851,0.9851,0.9851,0.9851,4619
2012-01-20,0.983,0.983,0.983,0.983,1170
2012-01-23,0.9888,0.9888,0.9888,0.9888,1515
2012-01-24,0.9865,0.9865,0.985,0.985,5798
2012-01-25,0.9916,0.9916,0.9916,0.9916,2467
2012-01-26,0.996,0.996,0.996,0.996,6966
2012-01-27,0.9956,0.9956,0.9956,0.9956,3208
2012-01-30,0.9915,0.9915,0.9915,0.9915,1908
2012-01-31,0.9999,1.0001,0.9999,0.9999,1504
2012-02-01,0.9988,0.9988,0.9988,0.9988,822
2012-02-02,0.9977,0.9977,0.9977,0.9977,1596
2012-02-03,1.0037,1.0037,1.0037,1.0037,10545
2012-02-06,0.9998,0.9998,0.9998,0.9998,7604
2012-02-07,1.0016,1.0016,1.0016,1.0016,2622
2012-02-08,1.0015,1.0031,1.0015,1.0031,148
2012-02-09,1.0024,1.0024,1.0024,1.0024,548
2012-02-10,0.9943,0.9943,0.9943,0.9943,3462
2012-02-13,0.9984,0.9984,0.9984,0.9984,4262
2012-02-14,0.9956,0.9956,0.9956,0.9956,460
2012-02-15,0.998,0.998,0.998,0.998,288
2012-02-16,1.0014,1.0014,1.0014,1.0014,2876
2012-02-17,1.0014,1.0014,1.0014,1.0014,390
2012-02-21,1.0011,1.0011,1.0011,1.0011,1776
2012-02-22,0.998,0.998,0.998,0.998,3699
2012-02-23,0.9985,0.9985,0.9985,0.9985,1932
2012-02-24,0.9972,0.9972,0.9972,0.9972,4013
2012-02-27,0.9988,0.9988,0.9988,0.9988,7780
2012-02-28,1.0014,1.0014,1.0014,1.0014,3103
2012-02-29,1.0089,1.0089,1.0089,1.0089,10120
2012-03-01,1.0122,1.0122,1.0122,1.0122,454
2012-03-02,1.0096,1.0096,1.0096,1.0096,321
2012-03-05,1.0039,1.0039,1.0039,1.0039,2706
2012-03-06,0.9974,0.9974,0.9974,0.9974,10102
2012-03-07,0.9989,0.9989,0.9989,0.9989,4693
2012-03-08,1.0082,1.0082,1.0082,1.0082,9064
2012-03-09,1.0078,1.0078,1.0078,1.0078,7260
2012-03-12,1.0045,1.0045,1.0045,1.0045,740
2012-03-13,1.0067,1.0067,1.0067,1.0067,426
2012-03-14,1.0046,1.0046,1.0046,1.0046,734
2012-03-15,1.0067,1.0067,1.0067,1.0067,10467
2012-03-16,1.0066,1.0066,1.0066,1.0066,2733
2012-03-19,1.0115,1.0115,1.0115,1.0115,1238
2012-03-20,1.0034,1.0034,1.0034,1.0034,2584
2012-03-21,1.0055,1.0055,1.0055,1.0055,547
2012-03-22,0.9977,0.9977,0.9977,0.9977,2956
2012-03-23,0.9997,0.9997,0.9997,0.9997,3109
2012-03-26,1.0058,1.0058,1.0058,1.0058,4319
2012-03-27,1.004,1.004,1.004,1.004,1223
2012-03-28,0.9992,0.9992,0.9992,0.9992,1629
2012-03-29,0.9999,0.9999,0.9999,0.9999,561
2012-03-30,1.001,1.001,1.001,1.001,1301
2012-04-02,1.0095,1.0095,1.0095,1.0095,1748
2012-04-03,1.0063,1.0063,1.0063,1.0063,1467
2012-04-04,1.002,1.002,1.002,1.002,1477
2012-04-05,1.0047,1.0047,1.0047,1.0047,2808
2012-04-06,1.0008,1.0008,1.0008,1.0008,310
2012-04-09,1.0024,1.0024,1.0024,1.0024,1225
2012-04-10,0.9947,0.9947,0.9947,0.9947,2001
2012-04-11,0.9958,0.9958,0.9958,0.9958,2215
2012-04-12,1.0042,1.0042,1.0042,1.0042,1005
2012-04-13,1.0003,1.0003,1.0003,1.0003,811
2012-04-16,0.9992,0.9992,0.9992,0.9992,1089
2012-04-17,1.011,1.011,1.011,1.011,8290
2012-04-18,1.0081,1.0081,1.0081,1.0081,933
2012-04-19,1.003,1.003,1.003,1.003,525
2012-04-20,1.0057,1.0057,1.0057,1.0057,1607
2012-04-23,1.0068,1.0068,1.0068,1.0068,1554
2012-04-24,1.0102,1.0102,1.0102,1.0102,2977
2012-04-25,1.0161,1.0161,1.0161,1.0161,5525
2012-04-26,1.0157,1.0157,1.0157,1.0157,8193
2012-04-27,1.0184,1.0184,1.0184,1.0184,6432
2012-04-30,1.0117,1.0117,1.0117,1.0117,927
2012-05-01,1.014,1.014,1.014,1.014,809
2012-05-02,1.0126,1.0126,1.0126,1.0126,866
2012-05-03,1.0105,1.0105,1.0105,1.0105,743
2012-05-04,1.0038,1.0038,1.0038,1.0038,2578
2012-05-07,1.0057,1.0057,1.0057,1.0057,6031
2012-05-08,1.0016,1.0016,1.0016,1.0016,100400
